Copyright 1986-2022 Xilinx, Inc. All Rights Reserved. Copyright 2022-2025 Advanced Micro Devices, Inc. All Rights Reserved.
------------------------------------------------------------------------------------------------------------------------------------------------------------------------------------------------------------------------------------------------------------------
| Tool Version : Vivado v.2025.2 (win64) Build 6299465 Fri Nov 14 19:35:11 GMT 2025
| Date         : Thu Sep 24 22:18:56 2026
| Host         : ASTRID running 64-bit major release  (build 9200)
| Command      : report_timing_summary -max_paths 10 -routable_nets -report_unconstrained -file multiplier_top_ext_timing_summary_routed.rpt -pb multiplier_top_ext_timing_summary_routed.pb -rpx multiplier_top_ext_timing_summary_routed.rpx -warn_on_violation
| Design       : multiplier_top_ext
| Device       : 7a35t-cpg236
| Speed File   : -1  PRODUCTION 1.23 2018-06-13
| Design State : Routed
------------------------------------------------------------------------------------------------------------------------------------------------------------------------------------------------------------------------------------------------------------------

Timing Summary Report

------------------------------------------------------------------------------------------------
| Timer Settings
| --------------
------------------------------------------------------------------------------------------------

  Enable Multi Corner Analysis               :  Yes
  Enable Pessimism Removal                   :  Yes
  Pessimism Removal Resolution               :  Nearest Common Node
  Enable Input Delay Default Clock           :  No
  Enable Preset / Clear Arcs                 :  No
  Disable Flight Delays                      :  No
  Ignore I/O Paths                           :  No
  Timing Early Launch at Borrowing Latches   :  No
  Borrow Time for Max Delay Exceptions       :  Yes
  Merge Timing Exceptions                    :  Yes
  Inter-SLR Compensation                     :  Conservative

  Corner  Analyze    Analyze    
  Name    Max Paths  Min Paths  
  ------  ---------  ---------  
  Slow    Yes        Yes        
  Fast    Yes        Yes        


------------------------------------------------------------------------------------------------
| Report Methodology
| ------------------
------------------------------------------------------------------------------------------------

Rule       Severity  Description                    Violations  
---------  --------  -----------------------------  ----------  
TIMING-18  Warning   Missing input or output delay  36          

Note: This report is based on the most recent report_methodology run and may not be up-to-date. Run report_methodology on the current design for the latest report.



check_timing report

Table of Contents
-----------------
1. checking no_clock (0)
2. checking constant_clock (0)
3. checking pulse_width_clock (0)
4. checking unconstrained_internal_endpoints (0)
5. checking no_input_delay (18)
6. checking no_output_delay (18)
7. checking multiple_clock (0)
8. checking generated_clocks (0)
9. checking loops (0)
10. checking partial_input_delay (0)
11. checking partial_output_delay (0)
12. checking latch_loops (0)

1. checking no_clock (0)
------------------------
 There are 0 register/latch pins with no clock.


2. checking constant_clock (0)
------------------------------
 There are 0 register/latch pins with constant_clock.


3. checking pulse_width_clock (0)
---------------------------------
 There are 0 register/latch pins which need pulse_width check


4. checking unconstrained_internal_endpoints (0)
------------------------------------------------
 There are 0 pins that are not constrained for maximum delay.

 There are 0 pins that are not constrained for maximum delay due to constant clock.


5. checking no_input_delay (18)
-------------------------------
 There are 18 input ports with no input delay specified. (HIGH)

 There are 0 input ports with no input delay but user has a false path constraint.


6. checking no_output_delay (18)
--------------------------------
 There are 18 ports with no output delay specified. (HIGH)

 There are 0 ports with no output delay but user has a false path constraint

 There are 0 ports with no output delay but with a timing clock defined on it or propagating through it


7. checking multiple_clock (0)
------------------------------
 There are 0 register/latch pins with multiple clocks.


8. checking generated_clocks (0)
--------------------------------
 There are 0 generated clocks that are not connected to a clock source.


9. checking loops (0)
---------------------
 There are 0 combinational loops in the design.


10. checking partial_input_delay (0)
------------------------------------
 There are 0 input ports with partial input delay specified.


11. checking partial_output_delay (0)
-------------------------------------
 There are 0 ports with partial output delay specified.


12. checking latch_loops (0)
----------------------------
 There are 0 combinational latch loops in the design through latch input



------------------------------------------------------------------------------------------------
| Design Timing Summary
| ---------------------
------------------------------------------------------------------------------------------------

    WNS(ns)      TNS(ns)  TNS Failing Endpoints  TNS Total Endpoints      WHS(ns)      THS(ns)  THS Failing Endpoints  THS Total Endpoints     WPWS(ns)     TPWS(ns)  TPWS Failing Endpoints  TPWS Total Endpoints  
    -------      -------  ---------------------  -------------------      -------      -------  ---------------------  -------------------     --------     --------  ----------------------  --------------------  
      6.860        0.000                      0                  124        0.160        0.000                      0                  124        4.500        0.000                       0                    49  


All user specified timing constraints are met.


------------------------------------------------------------------------------------------------
| Clock Summary
| -------------
------------------------------------------------------------------------------------------------

Clock    Waveform(ns)       Period(ns)      Frequency(MHz)
-----    ------------       ----------      --------------
sys_clk  {0.000 5.000}      10.000          100.000         


------------------------------------------------------------------------------------------------
| Intra Clock Table
| -----------------
------------------------------------------------------------------------------------------------

Clock             WNS(ns)      TNS(ns)  TNS Failing Endpoints  TNS Total Endpoints      WHS(ns)      THS(ns)  THS Failing Endpoints  THS Total Endpoints     WPWS(ns)     TPWS(ns)  TPWS Failing Endpoints  TPWS Total Endpoints  
-----             -------      -------  ---------------------  -------------------      -------      -------  ---------------------  -------------------     --------     --------  ----------------------  --------------------  
sys_clk             6.860        0.000                      0                  124        0.160        0.000                      0                  124        4.500        0.000                       0                    49  


------------------------------------------------------------------------------------------------
| Inter Clock Table
| -----------------
------------------------------------------------------------------------------------------------

From Clock    To Clock          WNS(ns)      TNS(ns)  TNS Failing Endpoints  TNS Total Endpoints      WHS(ns)      THS(ns)  THS Failing Endpoints  THS Total Endpoints  
----------    --------          -------      -------  ---------------------  -------------------      -------      -------  ---------------------  -------------------  


------------------------------------------------------------------------------------------------
| Other Path Groups Table
| -----------------------
------------------------------------------------------------------------------------------------

Path Group    From Clock    To Clock          WNS(ns)      TNS(ns)  TNS Failing Endpoints  TNS Total Endpoints      WHS(ns)      THS(ns)  THS Failing Endpoints  THS Total Endpoints  
----------    ----------    --------          -------      -------  ---------------------  -------------------      -------      -------  ---------------------  -------------------  


------------------------------------------------------------------------------------------------
| User Ignored Path Table
| -----------------------
------------------------------------------------------------------------------------------------

Path Group    From Clock    To Clock    
----------    ----------    --------    


------------------------------------------------------------------------------------------------
| Unconstrained Path Table
| ------------------------
------------------------------------------------------------------------------------------------

Path Group    From Clock    To Clock    
----------    ----------    --------    
(none)        sys_clk                     
(none)                      sys_clk       


------------------------------------------------------------------------------------------------
| Timing Details
| --------------
------------------------------------------------------------------------------------------------


---------------------------------------------------------------------------------------------------
From Clock:  sys_clk
  To Clock:  sys_clk

Setup :            0  Failing Endpoints,  Worst Slack        6.860ns,  Total Violation        0.000ns
Hold  :            0  Failing Endpoints,  Worst Slack        0.160ns,  Total Violation        0.000ns
PW    :            0  Failing Endpoints,  Worst Slack        4.500ns,  Total Violation        0.000ns
---------------------------------------------------------------------------------------------------


Max Delay Paths
--------------------------------------------------------------------------------------
Slack (MET) :             6.860ns  (required time - arrival time)
  Source:                 controller/FSM_onehot_state_reg[1]/C
                            (rising edge-triggered cell FDRE clocked by sys_clk  {rise@0.000ns fall@5.000ns period=10.000ns})
  Destination:            datapath/multiplicand_reg[10]/R
                            (rising edge-triggered cell FDRE clocked by sys_clk  {rise@0.000ns fall@5.000ns period=10.000ns})
  Path Group:             sys_clk
  Path Type:              Setup (Max at Slow Process Corner)
  Requirement:            10.000ns  (sys_clk rise@10.000ns - sys_clk rise@0.000ns)
  Data Path Delay:        2.655ns  (logic 0.580ns (21.842%)  route 2.075ns (78.158%))
  Logic Levels:           1  (LUT2=1)
  Clock Path Skew:        -0.020ns (DCD - SCD + CPR)
    Destination Clock Delay (DCD):    4.268ns = ( 14.268 - 10.000 ) 
    Source Clock Delay      (SCD):    4.624ns
    Clock Pessimism Removal (CPR):    0.336ns
  Clock Uncertainty:      0.035ns  ((TSJ^2 + TIJ^2)^1/2 + DJ) / 2 + PE
    Total System Jitter     (TSJ):    0.071ns
    Total Input Jitter      (TIJ):    0.000ns
    Discrete Jitter          (DJ):    0.000ns
    Phase Error              (PE):    0.000ns

    Location             Delay type                Incr(ns)  Path(ns)    Netlist Resource(s)
  -------------------------------------------------------------------    -------------------
                         (clock sys_clk rise edge)    0.000     0.000 r  
    M18                                               0.000     0.000 r  clk (IN)
                         net (fo=0)                   0.000     0.000    clk
    M18                  IBUF (Prop_ibuf_I_O)         0.938     0.938 r  clk_IBUF_inst/O
                         net (fo=1, routed)           1.972     2.910    clk_IBUF
    BUFGCTRL_X0Y0        BUFG (Prop_bufg_I_O)         0.096     3.006 r  clk_IBUF_BUFG_inst/O
                         net (fo=48, routed)          1.618     4.624    controller/CLK
    SLICE_X1Y25          FDRE                                         r  controller/FSM_onehot_state_reg[1]/C
  -------------------------------------------------------------------    -------------------
    SLICE_X1Y25          FDRE (Prop_fdre_C_Q)         0.456     5.080 r  controller/FSM_onehot_state_reg[1]/Q
                         net (fo=22, routed)          1.193     6.273    controller/Q[0]
    SLICE_X1Y22          LUT2 (Prop_lut2_I0_O)        0.124     6.397 r  controller/multiplicand[15]_i_1/O
                         net (fo=8, routed)           0.882     7.279    datapath/SR[1]
    SLICE_X1Y26          FDRE                                         r  datapath/multiplicand_reg[10]/R
  -------------------------------------------------------------------    -------------------

                         (clock sys_clk rise edge)   10.000    10.000 r  
    M18                                               0.000    10.000 r  clk (IN)
                         net (fo=0)                   0.000    10.000    clk
    M18                  IBUF (Prop_ibuf_I_O)         0.805    10.805 r  clk_IBUF_inst/O
                         net (fo=1, routed)           1.868    12.673    clk_IBUF
    BUFGCTRL_X0Y0        BUFG (Prop_bufg_I_O)         0.091    12.764 r  clk_IBUF_BUFG_inst/O
                         net (fo=48, routed)          1.504    14.268    datapath/CLK
    SLICE_X1Y26          FDRE                                         r  datapath/multiplicand_reg[10]/C
                         clock pessimism              0.336    14.604    
                         clock uncertainty           -0.035    14.569    
    SLICE_X1Y26          FDRE (Setup_fdre_C_R)       -0.429    14.140    datapath/multiplicand_reg[10]
  -------------------------------------------------------------------
                         required time                         14.140    
                         arrival time                          -7.279    
  -------------------------------------------------------------------
                         slack                                  6.860    

Slack (MET) :             6.860ns  (required time - arrival time)
  Source:                 controller/FSM_onehot_state_reg[1]/C
                            (rising edge-triggered cell FDRE clocked by sys_clk  {rise@0.000ns fall@5.000ns period=10.000ns})
  Destination:            datapath/multiplicand_reg[11]/R
                            (rising edge-triggered cell FDRE clocked by sys_clk  {rise@0.000ns fall@5.000ns period=10.000ns})
  Path Group:             sys_clk
  Path Type:              Setup (Max at Slow Process Corner)
  Requirement:            10.000ns  (sys_clk rise@10.000ns - sys_clk rise@0.000ns)
  Data Path Delay:        2.655ns  (logic 0.580ns (21.842%)  route 2.075ns (78.158%))
  Logic Levels:           1  (LUT2=1)
  Clock Path Skew:        -0.020ns (DCD - SCD + CPR)
    Destination Clock Delay (DCD):    4.268ns = ( 14.268 - 10.000 ) 
    Source Clock Delay      (SCD):    4.624ns
    Clock Pessimism Removal (CPR):    0.336ns
  Clock Uncertainty:      0.035ns  ((TSJ^2 + TIJ^2)^1/2 + DJ) / 2 + PE
    Total System Jitter     (TSJ):    0.071ns
    Total Input Jitter      (TIJ):    0.000ns
    Discrete Jitter          (DJ):    0.000ns
    Phase Error              (PE):    0.000ns

    Location             Delay type                Incr(ns)  Path(ns)    Netlist Resource(s)
  -------------------------------------------------------------------    -------------------
                         (clock sys_clk rise edge)    0.000     0.000 r  
    M18                                               0.000     0.000 r  clk (IN)
                         net (fo=0)                   0.000     0.000    clk
    M18                  IBUF (Prop_ibuf_I_O)         0.938     0.938 r  clk_IBUF_inst/O
                         net (fo=1, routed)           1.972     2.910    clk_IBUF
    BUFGCTRL_X0Y0        BUFG (Prop_bufg_I_O)         0.096     3.006 r  clk_IBUF_BUFG_inst/O
                         net (fo=48, routed)          1.618     4.624    controller/CLK
    SLICE_X1Y25          FDRE                                         r  controller/FSM_onehot_state_reg[1]/C
  -------------------------------------------------------------------    -------------------
    SLICE_X1Y25          FDRE (Prop_fdre_C_Q)         0.456     5.080 r  controller/FSM_onehot_state_reg[1]/Q
                         net (fo=22, routed)          1.193     6.273    controller/Q[0]
    SLICE_X1Y22          LUT2 (Prop_lut2_I0_O)        0.124     6.397 r  controller/multiplicand[15]_i_1/O
                         net (fo=8, routed)           0.882     7.279    datapath/SR[1]
    SLICE_X1Y26          FDRE                                         r  datapath/multiplicand_reg[11]/R
  -------------------------------------------------------------------    -------------------

                         (clock sys_clk rise edge)   10.000    10.000 r  
    M18                                               0.000    10.000 r  clk (IN)
                         net (fo=0)                   0.000    10.000    clk
    M18                  IBUF (Prop_ibuf_I_O)         0.805    10.805 r  clk_IBUF_inst/O
                         net (fo=1, routed)           1.868    12.673    clk_IBUF
    BUFGCTRL_X0Y0        BUFG (Prop_bufg_I_O)         0.091    12.764 r  clk_IBUF_BUFG_inst/O
                         net (fo=48, routed)          1.504    14.268    datapath/CLK
    SLICE_X1Y26          FDRE                                         r  datapath/multiplicand_reg[11]/C
                         clock pessimism              0.336    14.604    
                         clock uncertainty           -0.035    14.569    
    SLICE_X1Y26          FDRE (Setup_fdre_C_R)       -0.429    14.140    datapath/multiplicand_reg[11]
  -------------------------------------------------------------------
                         required time                         14.140    
                         arrival time                          -7.279    
  -------------------------------------------------------------------
                         slack                                  6.860    

Slack (MET) :             6.860ns  (required time - arrival time)
  Source:                 controller/FSM_onehot_state_reg[1]/C
                            (rising edge-triggered cell FDRE clocked by sys_clk  {rise@0.000ns fall@5.000ns period=10.000ns})
  Destination:            datapath/multiplicand_reg[12]/R
                            (rising edge-triggered cell FDRE clocked by sys_clk  {rise@0.000ns fall@5.000ns period=10.000ns})
  Path Group:             sys_clk
  Path Type:              Setup (Max at Slow Process Corner)
  Requirement:            10.000ns  (sys_clk rise@10.000ns - sys_clk rise@0.000ns)
  Data Path Delay:        2.655ns  (logic 0.580ns (21.842%)  route 2.075ns (78.158%))
  Logic Levels:           1  (LUT2=1)
  Clock Path Skew:        -0.020ns (DCD - SCD + CPR)
    Destination Clock Delay (DCD):    4.268ns = ( 14.268 - 10.000 ) 
    Source Clock Delay      (SCD):    4.624ns
    Clock Pessimism Removal (CPR):    0.336ns
  Clock Uncertainty:      0.035ns  ((TSJ^2 + TIJ^2)^1/2 + DJ) / 2 + PE
    Total System Jitter     (TSJ):    0.071ns
    Total Input Jitter      (TIJ):    0.000ns
    Discrete Jitter          (DJ):    0.000ns
    Phase Error              (PE):    0.000ns

    Location             Delay type                Incr(ns)  Path(ns)    Netlist Resource(s)
  -------------------------------------------------------------------    -------------------
                         (clock sys_clk rise edge)    0.000     0.000 r  
    M18                                               0.000     0.000 r  clk (IN)
                         net (fo=0)                   0.000     0.000    clk
    M18                  IBUF (Prop_ibuf_I_O)         0.938     0.938 r  clk_IBUF_inst/O
                         net (fo=1, routed)           1.972     2.910    clk_IBUF
    BUFGCTRL_X0Y0        BUFG (Prop_bufg_I_O)         0.096     3.006 r  clk_IBUF_BUFG_inst/O
                         net (fo=48, routed)          1.618     4.624    controller/CLK
    SLICE_X1Y25          FDRE                                         r  controller/FSM_onehot_state_reg[1]/C
  -------------------------------------------------------------------    -------------------
    SLICE_X1Y25          FDRE (Prop_fdre_C_Q)         0.456     5.080 r  controller/FSM_onehot_state_reg[1]/Q
                         net (fo=22, routed)          1.193     6.273    controller/Q[0]
    SLICE_X1Y22          LUT2 (Prop_lut2_I0_O)        0.124     6.397 r  controller/multiplicand[15]_i_1/O
                         net (fo=8, routed)           0.882     7.279    datapath/SR[1]
    SLICE_X1Y26          FDRE                                         r  datapath/multiplicand_reg[12]/R
  -------------------------------------------------------------------    -------------------

                         (clock sys_clk rise edge)   10.000    10.000 r  
    M18                                               0.000    10.000 r  clk (IN)
                         net (fo=0)                   0.000    10.000    clk
    M18                  IBUF (Prop_ibuf_I_O)         0.805    10.805 r  clk_IBUF_inst/O
                         net (fo=1, routed)           1.868    12.673    clk_IBUF
    BUFGCTRL_X0Y0        BUFG (Prop_bufg_I_O)         0.091    12.764 r  clk_IBUF_BUFG_inst/O
                         net (fo=48, routed)          1.504    14.268    datapath/CLK
    SLICE_X1Y26          FDRE                                         r  datapath/multiplicand_reg[12]/C
                         clock pessimism              0.336    14.604    
                         clock uncertainty           -0.035    14.569    
    SLICE_X1Y26          FDRE (Setup_fdre_C_R)       -0.429    14.140    datapath/multiplicand_reg[12]
  -------------------------------------------------------------------
                         required time                         14.140    
                         arrival time                          -7.279    
  -------------------------------------------------------------------
                         slack                                  6.860    

Slack (MET) :             6.860ns  (required time - arrival time)
  Source:                 controller/FSM_onehot_state_reg[1]/C
                            (rising edge-triggered cell FDRE clocked by sys_clk  {rise@0.000ns fall@5.000ns period=10.000ns})
  Destination:            datapath/multiplicand_reg[13]/R
                            (rising edge-triggered cell FDRE clocked by sys_clk  {rise@0.000ns fall@5.000ns period=10.000ns})
  Path Group:             sys_clk
  Path Type:              Setup (Max at Slow Process Corner)
  Requirement:            10.000ns  (sys_clk rise@10.000ns - sys_clk rise@0.000ns)
  Data Path Delay:        2.655ns  (logic 0.580ns (21.842%)  route 2.075ns (78.158%))
  Logic Levels:           1  (LUT2=1)
  Clock Path Skew:        -0.020ns (DCD - SCD + CPR)
    Destination Clock Delay (DCD):    4.268ns = ( 14.268 - 10.000 ) 
    Source Clock Delay      (SCD):    4.624ns
    Clock Pessimism Removal (CPR):    0.336ns
  Clock Uncertainty:      0.035ns  ((TSJ^2 + TIJ^2)^1/2 + DJ) / 2 + PE
    Total System Jitter     (TSJ):    0.071ns
    Total Input Jitter      (TIJ):    0.000ns
    Discrete Jitter          (DJ):    0.000ns
    Phase Error              (PE):    0.000ns

    Location             Delay type                Incr(ns)  Path(ns)    Netlist Resource(s)
  -------------------------------------------------------------------    -------------------
                         (clock sys_clk rise edge)    0.000     0.000 r  
    M18                                               0.000     0.000 r  clk (IN)
                         net (fo=0)                   0.000     0.000    clk
    M18                  IBUF (Prop_ibuf_I_O)         0.938     0.938 r  clk_IBUF_inst/O
                         net (fo=1, routed)           1.972     2.910    clk_IBUF
    BUFGCTRL_X0Y0        BUFG (Prop_bufg_I_O)         0.096     3.006 r  clk_IBUF_BUFG_inst/O
                         net (fo=48, routed)          1.618     4.624    controller/CLK
    SLICE_X1Y25          FDRE                                         r  controller/FSM_onehot_state_reg[1]/C
  -------------------------------------------------------------------    -------------------
    SLICE_X1Y25          FDRE (Prop_fdre_C_Q)         0.456     5.080 r  controller/FSM_onehot_state_reg[1]/Q
                         net (fo=22, routed)          1.193     6.273    controller/Q[0]
    SLICE_X1Y22          LUT2 (Prop_lut2_I0_O)        0.124     6.397 r  controller/multiplicand[15]_i_1/O
                         net (fo=8, routed)           0.882     7.279    datapath/SR[1]
    SLICE_X1Y26          FDRE                                         r  datapath/multiplicand_reg[13]/R
  -------------------------------------------------------------------    -------------------

                         (clock sys_clk rise edge)   10.000    10.000 r  
    M18                                               0.000    10.000 r  clk (IN)
                         net (fo=0)                   0.000    10.000    clk
    M18                  IBUF (Prop_ibuf_I_O)         0.805    10.805 r  clk_IBUF_inst/O
                         net (fo=1, routed)           1.868    12.673    clk_IBUF
    BUFGCTRL_X0Y0        BUFG (Prop_bufg_I_O)         0.091    12.764 r  clk_IBUF_BUFG_inst/O
                         net (fo=48, routed)          1.504    14.268    datapath/CLK
    SLICE_X1Y26          FDRE                                         r  datapath/multiplicand_reg[13]/C
                         clock pessimism              0.336    14.604    
                         clock uncertainty           -0.035    14.569    
    SLICE_X1Y26          FDRE (Setup_fdre_C_R)       -0.429    14.140    datapath/multiplicand_reg[13]
  -------------------------------------------------------------------
                         required time                         14.140    
                         arrival time                          -7.279    
  -------------------------------------------------------------------
                         slack                                  6.860    

Slack (MET) :             6.860ns  (required time - arrival time)
  Source:                 controller/FSM_onehot_state_reg[1]/C
                            (rising edge-triggered cell FDRE clocked by sys_clk  {rise@0.000ns fall@5.000ns period=10.000ns})
  Destination:            datapath/multiplicand_reg[14]/R
                            (rising edge-triggered cell FDRE clocked by sys_clk  {rise@0.000ns fall@5.000ns period=10.000ns})
  Path Group:             sys_clk
  Path Type:              Setup (Max at Slow Process Corner)
  Requirement:            10.000ns  (sys_clk rise@10.000ns - sys_clk rise@0.000ns)
  Data Path Delay:        2.655ns  (logic 0.580ns (21.842%)  route 2.075ns (78.158%))
  Logic Levels:           1  (LUT2=1)
  Clock Path Skew:        -0.020ns (DCD - SCD + CPR)
    Destination Clock Delay (DCD):    4.268ns = ( 14.268 - 10.000 ) 
    Source Clock Delay      (SCD):    4.624ns
    Clock Pessimism Removal (CPR):    0.336ns
  Clock Uncertainty:      0.035ns  ((TSJ^2 + TIJ^2)^1/2 + DJ) / 2 + PE
    Total System Jitter     (TSJ):    0.071ns
    Total Input Jitter      (TIJ):    0.000ns
    Discrete Jitter          (DJ):    0.000ns
    Phase Error              (PE):    0.000ns

    Location             Delay type                Incr(ns)  Path(ns)    Netlist Resource(s)
  -------------------------------------------------------------------    -------------------
                         (clock sys_clk rise edge)    0.000     0.000 r  
    M18                                               0.000     0.000 r  clk (IN)
                         net (fo=0)                   0.000     0.000    clk
    M18                  IBUF (Prop_ibuf_I_O)         0.938     0.938 r  clk_IBUF_inst/O
                         net (fo=1, routed)           1.972     2.910    clk_IBUF
    BUFGCTRL_X0Y0        BUFG (Prop_bufg_I_O)         0.096     3.006 r  clk_IBUF_BUFG_inst/O
                         net (fo=48, routed)          1.618     4.624    controller/CLK
    SLICE_X1Y25          FDRE                                         r  controller/FSM_onehot_state_reg[1]/C
  -------------------------------------------------------------------    -------------------
    SLICE_X1Y25          FDRE (Prop_fdre_C_Q)         0.456     5.080 r  controller/FSM_onehot_state_reg[1]/Q
                         net (fo=22, routed)          1.193     6.273    controller/Q[0]
    SLICE_X1Y22          LUT2 (Prop_lut2_I0_O)        0.124     6.397 r  controller/multiplicand[15]_i_1/O
                         net (fo=8, routed)           0.882     7.279    datapath/SR[1]
    SLICE_X1Y26          FDRE                                         r  datapath/multiplicand_reg[14]/R
  -------------------------------------------------------------------    -------------------

                         (clock sys_clk rise edge)   10.000    10.000 r  
    M18                                               0.000    10.000 r  clk (IN)
                         net (fo=0)                   0.000    10.000    clk
    M18                  IBUF (Prop_ibuf_I_O)         0.805    10.805 r  clk_IBUF_inst/O
                         net (fo=1, routed)           1.868    12.673    clk_IBUF
    BUFGCTRL_X0Y0        BUFG (Prop_bufg_I_O)         0.091    12.764 r  clk_IBUF_BUFG_inst/O
                         net (fo=48, routed)          1.504    14.268    datapath/CLK
    SLICE_X1Y26          FDRE                                         r  datapath/multiplicand_reg[14]/C
                         clock pessimism              0.336    14.604    
                         clock uncertainty           -0.035    14.569    
    SLICE_X1Y26          FDRE (Setup_fdre_C_R)       -0.429    14.140    datapath/multiplicand_reg[14]
  -------------------------------------------------------------------
                         required time                         14.140    
                         arrival time                          -7.279    
  -------------------------------------------------------------------
                         slack                                  6.860    

Slack (MET) :             6.860ns  (required time - arrival time)
  Source:                 controller/FSM_onehot_state_reg[1]/C
                            (rising edge-triggered cell FDRE clocked by sys_clk  {rise@0.000ns fall@5.000ns period=10.000ns})
  Destination:            datapath/multiplicand_reg[15]/R
                            (rising edge-triggered cell FDRE clocked by sys_clk  {rise@0.000ns fall@5.000ns period=10.000ns})
  Path Group:             sys_clk
  Path Type:              Setup (Max at Slow Process Corner)
  Requirement:            10.000ns  (sys_clk rise@10.000ns - sys_clk rise@0.000ns)
  Data Path Delay:        2.655ns  (logic 0.580ns (21.842%)  route 2.075ns (78.158%))
  Logic Levels:           1  (LUT2=1)
  Clock Path Skew:        -0.020ns (DCD - SCD + CPR)
    Destination Clock Delay (DCD):    4.268ns = ( 14.268 - 10.000 ) 
    Source Clock Delay      (SCD):    4.624ns
    Clock Pessimism Removal (CPR):    0.336ns
  Clock Uncertainty:      0.035ns  ((TSJ^2 + TIJ^2)^1/2 + DJ) / 2 + PE
    Total System Jitter     (TSJ):    0.071ns
    Total Input Jitter      (TIJ):    0.000ns
    Discrete Jitter          (DJ):    0.000ns
    Phase Error              (PE):    0.000ns

    Location             Delay type                Incr(ns)  Path(ns)    Netlist Resource(s)
  -------------------------------------------------------------------    -------------------
                         (clock sys_clk rise edge)    0.000     0.000 r  
    M18                                               0.000     0.000 r  clk (IN)
                         net (fo=0)                   0.000     0.000    clk
    M18                  IBUF (Prop_ibuf_I_O)         0.938     0.938 r  clk_IBUF_inst/O
                         net (fo=1, routed)           1.972     2.910    clk_IBUF
    BUFGCTRL_X0Y0        BUFG (Prop_bufg_I_O)         0.096     3.006 r  clk_IBUF_BUFG_inst/O
                         net (fo=48, routed)          1.618     4.624    controller/CLK
    SLICE_X1Y25          FDRE                                         r  controller/FSM_onehot_state_reg[1]/C
  -------------------------------------------------------------------    -------------------
    SLICE_X1Y25          FDRE (Prop_fdre_C_Q)         0.456     5.080 r  controller/FSM_onehot_state_reg[1]/Q
                         net (fo=22, routed)          1.193     6.273    controller/Q[0]
    SLICE_X1Y22          LUT2 (Prop_lut2_I0_O)        0.124     6.397 r  controller/multiplicand[15]_i_1/O
                         net (fo=8, routed)           0.882     7.279    datapath/SR[1]
    SLICE_X1Y26          FDRE                                         r  datapath/multiplicand_reg[15]/R
  -------------------------------------------------------------------    -------------------

                         (clock sys_clk rise edge)   10.000    10.000 r  
    M18                                               0.000    10.000 r  clk (IN)
                         net (fo=0)                   0.000    10.000    clk
    M18                  IBUF (Prop_ibuf_I_O)         0.805    10.805 r  clk_IBUF_inst/O
                         net (fo=1, routed)           1.868    12.673    clk_IBUF
    BUFGCTRL_X0Y0        BUFG (Prop_bufg_I_O)         0.091    12.764 r  clk_IBUF_BUFG_inst/O
                         net (fo=48, routed)          1.504    14.268    datapath/CLK
    SLICE_X1Y26          FDRE                                         r  datapath/multiplicand_reg[15]/C
                         clock pessimism              0.336    14.604    
                         clock uncertainty           -0.035    14.569    
    SLICE_X1Y26          FDRE (Setup_fdre_C_R)       -0.429    14.140    datapath/multiplicand_reg[15]
  -------------------------------------------------------------------
                         required time                         14.140    
                         arrival time                          -7.279    
  -------------------------------------------------------------------
                         slack                                  6.860    

Slack (MET) :             6.860ns  (required time - arrival time)
  Source:                 controller/FSM_onehot_state_reg[1]/C
                            (rising edge-triggered cell FDRE clocked by sys_clk  {rise@0.000ns fall@5.000ns period=10.000ns})
  Destination:            datapath/multiplicand_reg[8]/R
                            (rising edge-triggered cell FDRE clocked by sys_clk  {rise@0.000ns fall@5.000ns period=10.000ns})
  Path Group:             sys_clk
  Path Type:              Setup (Max at Slow Process Corner)
  Requirement:            10.000ns  (sys_clk rise@10.000ns - sys_clk rise@0.000ns)
  Data Path Delay:        2.655ns  (logic 0.580ns (21.842%)  route 2.075ns (78.158%))
  Logic Levels:           1  (LUT2=1)
  Clock Path Skew:        -0.020ns (DCD - SCD + CPR)
    Destination Clock Delay (DCD):    4.268ns = ( 14.268 - 10.000 ) 
    Source Clock Delay      (SCD):    4.624ns
    Clock Pessimism Removal (CPR):    0.336ns
  Clock Uncertainty:      0.035ns  ((TSJ^2 + TIJ^2)^1/2 + DJ) / 2 + PE
    Total System Jitter     (TSJ):    0.071ns
    Total Input Jitter      (TIJ):    0.000ns
    Discrete Jitter          (DJ):    0.000ns
    Phase Error              (PE):    0.000ns

    Location             Delay type                Incr(ns)  Path(ns)    Netlist Resource(s)
  -------------------------------------------------------------------    -------------------
                         (clock sys_clk rise edge)    0.000     0.000 r  
    M18                                               0.000     0.000 r  clk (IN)
                         net (fo=0)                   0.000     0.000    clk
    M18                  IBUF (Prop_ibuf_I_O)         0.938     0.938 r  clk_IBUF_inst/O
                         net (fo=1, routed)           1.972     2.910    clk_IBUF
    BUFGCTRL_X0Y0        BUFG (Prop_bufg_I_O)         0.096     3.006 r  clk_IBUF_BUFG_inst/O
                         net (fo=48, routed)          1.618     4.624    controller/CLK
    SLICE_X1Y25          FDRE                                         r  controller/FSM_onehot_state_reg[1]/C
  -------------------------------------------------------------------    -------------------
    SLICE_X1Y25          FDRE (Prop_fdre_C_Q)         0.456     5.080 r  controller/FSM_onehot_state_reg[1]/Q
                         net (fo=22, routed)          1.193     6.273    controller/Q[0]
    SLICE_X1Y22          LUT2 (Prop_lut2_I0_O)        0.124     6.397 r  controller/multiplicand[15]_i_1/O
                         net (fo=8, routed)           0.882     7.279    datapath/SR[1]
    SLICE_X1Y26          FDRE                                         r  datapath/multiplicand_reg[8]/R
  -------------------------------------------------------------------    -------------------

                         (clock sys_clk rise edge)   10.000    10.000 r  
    M18                                               0.000    10.000 r  clk (IN)
                         net (fo=0)                   0.000    10.000    clk
    M18                  IBUF (Prop_ibuf_I_O)         0.805    10.805 r  clk_IBUF_inst/O
                         net (fo=1, routed)           1.868    12.673    clk_IBUF
    BUFGCTRL_X0Y0        BUFG (Prop_bufg_I_O)         0.091    12.764 r  clk_IBUF_BUFG_inst/O
                         net (fo=48, routed)          1.504    14.268    datapath/CLK
    SLICE_X1Y26          FDRE                                         r  datapath/multiplicand_reg[8]/C
                         clock pessimism              0.336    14.604    
                         clock uncertainty           -0.035    14.569    
    SLICE_X1Y26          FDRE (Setup_fdre_C_R)       -0.429    14.140    datapath/multiplicand_reg[8]
  -------------------------------------------------------------------
                         required time                         14.140    
                         arrival time                          -7.279    
  -------------------------------------------------------------------
                         slack                                  6.860    

Slack (MET) :             6.860ns  (required time - arrival time)
  Source:                 controller/FSM_onehot_state_reg[1]/C
                            (rising edge-triggered cell FDRE clocked by sys_clk  {rise@0.000ns fall@5.000ns period=10.000ns})
  Destination:            datapath/multiplicand_reg[9]/R
                            (rising edge-triggered cell FDRE clocked by sys_clk  {rise@0.000ns fall@5.000ns period=10.000ns})
  Path Group:             sys_clk
  Path Type:              Setup (Max at Slow Process Corner)
  Requirement:            10.000ns  (sys_clk rise@10.000ns - sys_clk rise@0.000ns)
  Data Path Delay:        2.655ns  (logic 0.580ns (21.842%)  route 2.075ns (78.158%))
  Logic Levels:           1  (LUT2=1)
  Clock Path Skew:        -0.020ns (DCD - SCD + CPR)
    Destination Clock Delay (DCD):    4.268ns = ( 14.268 - 10.000 ) 
    Source Clock Delay      (SCD):    4.624ns
    Clock Pessimism Removal (CPR):    0.336ns
  Clock Uncertainty:      0.035ns  ((TSJ^2 + TIJ^2)^1/2 + DJ) / 2 + PE
    Total System Jitter     (TSJ):    0.071ns
    Total Input Jitter      (TIJ):    0.000ns
    Discrete Jitter          (DJ):    0.000ns
    Phase Error              (PE):    0.000ns

    Location             Delay type                Incr(ns)  Path(ns)    Netlist Resource(s)
  -------------------------------------------------------------------    -------------------
                         (clock sys_clk rise edge)    0.000     0.000 r  
    M18                                               0.000     0.000 r  clk (IN)
                         net (fo=0)                   0.000     0.000    clk
    M18                  IBUF (Prop_ibuf_I_O)         0.938     0.938 r  clk_IBUF_inst/O
                         net (fo=1, routed)           1.972     2.910    clk_IBUF
    BUFGCTRL_X0Y0        BUFG (Prop_bufg_I_O)         0.096     3.006 r  clk_IBUF_BUFG_inst/O
                         net (fo=48, routed)          1.618     4.624    controller/CLK
    SLICE_X1Y25          FDRE                                         r  controller/FSM_onehot_state_reg[1]/C
  -------------------------------------------------------------------    -------------------
    SLICE_X1Y25          FDRE (Prop_fdre_C_Q)         0.456     5.080 r  controller/FSM_onehot_state_reg[1]/Q
                         net (fo=22, routed)          1.193     6.273    controller/Q[0]
    SLICE_X1Y22          LUT2 (Prop_lut2_I0_O)        0.124     6.397 r  controller/multiplicand[15]_i_1/O
                         net (fo=8, routed)           0.882     7.279    datapath/SR[1]
    SLICE_X1Y26          FDRE                                         r  datapath/multiplicand_reg[9]/R
  -------------------------------------------------------------------    -------------------

                         (clock sys_clk rise edge)   10.000    10.000 r  
    M18                                               0.000    10.000 r  clk (IN)
                         net (fo=0)                   0.000    10.000    clk
    M18                  IBUF (Prop_ibuf_I_O)         0.805    10.805 r  clk_IBUF_inst/O
                         net (fo=1, routed)           1.868    12.673    clk_IBUF
    BUFGCTRL_X0Y0        BUFG (Prop_bufg_I_O)         0.091    12.764 r  clk_IBUF_BUFG_inst/O
                         net (fo=48, routed)          1.504    14.268    datapath/CLK
    SLICE_X1Y26          FDRE                                         r  datapath/multiplicand_reg[9]/C
                         clock pessimism              0.336    14.604    
                         clock uncertainty           -0.035    14.569    
    SLICE_X1Y26          FDRE (Setup_fdre_C_R)       -0.429    14.140    datapath/multiplicand_reg[9]
  -------------------------------------------------------------------
                         required time                         14.140    
                         arrival time                          -7.279    
  -------------------------------------------------------------------
                         slack                                  6.860    

Slack (MET) :             6.920ns  (required time - arrival time)
  Source:                 controller/FSM_onehot_state_reg[1]/C
                            (rising edge-triggered cell FDRE clocked by sys_clk  {rise@0.000ns fall@5.000ns period=10.000ns})
  Destination:            datapath/accumulator_reg[12]/R
                            (rising edge-triggered cell FDRE clocked by sys_clk  {rise@0.000ns fall@5.000ns period=10.000ns})
  Path Group:             sys_clk
  Path Type:              Setup (Max at Slow Process Corner)
  Requirement:            10.000ns  (sys_clk rise@10.000ns - sys_clk rise@0.000ns)
  Data Path Delay:        2.389ns  (logic 0.606ns (25.366%)  route 1.783ns (74.634%))
  Logic Levels:           1  (LUT2=1)
  Clock Path Skew:        -0.019ns (DCD - SCD + CPR)
    Destination Clock Delay (DCD):    4.269ns = ( 14.269 - 10.000 ) 
    Source Clock Delay      (SCD):    4.624ns
    Clock Pessimism Removal (CPR):    0.336ns
  Clock Uncertainty:      0.035ns  ((TSJ^2 + TIJ^2)^1/2 + DJ) / 2 + PE
    Total System Jitter     (TSJ):    0.071ns
    Total Input Jitter      (TIJ):    0.000ns
    Discrete Jitter          (DJ):    0.000ns
    Phase Error              (PE):    0.000ns

    Location             Delay type                Incr(ns)  Path(ns)    Netlist Resource(s)
  -------------------------------------------------------------------    -------------------
                         (clock sys_clk rise edge)    0.000     0.000 r  
    M18                                               0.000     0.000 r  clk (IN)
                         net (fo=0)                   0.000     0.000    clk
    M18                  IBUF (Prop_ibuf_I_O)         0.938     0.938 r  clk_IBUF_inst/O
                         net (fo=1, routed)           1.972     2.910    clk_IBUF
    BUFGCTRL_X0Y0        BUFG (Prop_bufg_I_O)         0.096     3.006 r  clk_IBUF_BUFG_inst/O
                         net (fo=48, routed)          1.618     4.624    controller/CLK
    SLICE_X1Y25          FDRE                                         r  controller/FSM_onehot_state_reg[1]/C
  -------------------------------------------------------------------    -------------------
    SLICE_X1Y25          FDRE (Prop_fdre_C_Q)         0.456     5.080 r  controller/FSM_onehot_state_reg[1]/Q
                         net (fo=22, routed)          0.802     5.882    controller/Q[0]
    SLICE_X1Y23          LUT2 (Prop_lut2_I1_O)        0.150     6.032 r  controller/count[3]_i_1/O
                         net (fo=20, routed)          0.981     7.013    datapath/count[0]
    SLICE_X0Y27          FDRE                                         r  datapath/accumulator_reg[12]/R
  -------------------------------------------------------------------    -------------------

                         (clock sys_clk rise edge)   10.000    10.000 r  
    M18                                               0.000    10.000 r  clk (IN)
                         net (fo=0)                   0.000    10.000    clk
    M18                  IBUF (Prop_ibuf_I_O)         0.805    10.805 r  clk_IBUF_inst/O
                         net (fo=1, routed)           1.868    12.673    clk_IBUF
    BUFGCTRL_X0Y0        BUFG (Prop_bufg_I_O)         0.091    12.764 r  clk_IBUF_BUFG_inst/O
                         net (fo=48, routed)          1.505    14.269    datapath/CLK
    SLICE_X0Y27          FDRE                                         r  datapath/accumulator_reg[12]/C
                         clock pessimism              0.336    14.605    
                         clock uncertainty           -0.035    14.570    
    SLICE_X0Y27          FDRE (Setup_fdre_C_R)       -0.637    13.933    datapath/accumulator_reg[12]
  -------------------------------------------------------------------
                         required time                         13.933    
                         arrival time                          -7.013    
  -------------------------------------------------------------------
                         slack                                  6.920    

Slack (MET) :             6.920ns  (required time - arrival time)
  Source:                 controller/FSM_onehot_state_reg[1]/C
                            (rising edge-triggered cell FDRE clocked by sys_clk  {rise@0.000ns fall@5.000ns period=10.000ns})
  Destination:            datapath/accumulator_reg[13]/R
                            (rising edge-triggered cell FDRE clocked by sys_clk  {rise@0.000ns fall@5.000ns period=10.000ns})
  Path Group:             sys_clk
  Path Type:              Setup (Max at Slow Process Corner)
  Requirement:            10.000ns  (sys_clk rise@10.000ns - sys_clk rise@0.000ns)
  Data Path Delay:        2.389ns  (logic 0.606ns (25.366%)  route 1.783ns (74.634%))
  Logic Levels:           1  (LUT2=1)
  Clock Path Skew:        -0.019ns (DCD - SCD + CPR)
    Destination Clock Delay (DCD):    4.269ns = ( 14.269 - 10.000 ) 
    Source Clock Delay      (SCD):    4.624ns
    Clock Pessimism Removal (CPR):    0.336ns
  Clock Uncertainty:      0.035ns  ((TSJ^2 + TIJ^2)^1/2 + DJ) / 2 + PE
    Total System Jitter     (TSJ):    0.071ns
    Total Input Jitter      (TIJ):    0.000ns
    Discrete Jitter          (DJ):    0.000ns
    Phase Error              (PE):    0.000ns

    Location             Delay type                Incr(ns)  Path(ns)    Netlist Resource(s)
  -------------------------------------------------------------------    -------------------
                         (clock sys_clk rise edge)    0.000     0.000 r  
    M18                                               0.000     0.000 r  clk (IN)
                         net (fo=0)                   0.000     0.000    clk
    M18                  IBUF (Prop_ibuf_I_O)         0.938     0.938 r  clk_IBUF_inst/O
                         net (fo=1, routed)           1.972     2.910    clk_IBUF
    BUFGCTRL_X0Y0        BUFG (Prop_bufg_I_O)         0.096     3.006 r  clk_IBUF_BUFG_inst/O
                         net (fo=48, routed)          1.618     4.624    controller/CLK
    SLICE_X1Y25          FDRE                                         r  controller/FSM_onehot_state_reg[1]/C
  -------------------------------------------------------------------    -------------------
    SLICE_X1Y25          FDRE (Prop_fdre_C_Q)         0.456     5.080 r  controller/FSM_onehot_state_reg[1]/Q
                         net (fo=22, routed)          0.802     5.882    controller/Q[0]
    SLICE_X1Y23          LUT2 (Prop_lut2_I1_O)        0.150     6.032 r  controller/count[3]_i_1/O
                         net (fo=20, routed)          0.981     7.013    datapath/count[0]
    SLICE_X0Y27          FDRE                                         r  datapath/accumulator_reg[13]/R
  -------------------------------------------------------------------    -------------------

                         (clock sys_clk rise edge)   10.000    10.000 r  
    M18                                               0.000    10.000 r  clk (IN)
                         net (fo=0)                   0.000    10.000    clk
    M18                  IBUF (Prop_ibuf_I_O)         0.805    10.805 r  clk_IBUF_inst/O
                         net (fo=1, routed)           1.868    12.673    clk_IBUF
    BUFGCTRL_X0Y0        BUFG (Prop_bufg_I_O)         0.091    12.764 r  clk_IBUF_BUFG_inst/O
                         net (fo=48, routed)          1.505    14.269    datapath/CLK
    SLICE_X0Y27          FDRE                                         r  datapath/accumulator_reg[13]/C
                         clock pessimism              0.336    14.605    
                         clock uncertainty           -0.035    14.570    
    SLICE_X0Y27          FDRE (Setup_fdre_C_R)       -0.637    13.933    datapath/accumulator_reg[13]
  -------------------------------------------------------------------
                         required time                         13.933    
                         arrival time                          -7.013    
  -------------------------------------------------------------------
                         slack                                  6.920    





Min Delay Paths
--------------------------------------------------------------------------------------
Slack (MET) :             0.160ns  (arrival time - required time)
  Source:                 datapath/multiplier_reg[2]/C
                            (rising edge-triggered cell FDRE clocked by sys_clk  {rise@0.000ns fall@5.000ns period=10.000ns})
  Destination:            datapath/multiplier_reg[1]/D
                            (rising edge-triggered cell FDRE clocked by sys_clk  {rise@0.000ns fall@5.000ns period=10.000ns})
  Path Group:             sys_clk
  Path Type:              Hold (Min at Fast Process Corner)
  Requirement:            0.000ns  (sys_clk rise@0.000ns - sys_clk rise@0.000ns)
  Data Path Delay:        0.277ns  (logic 0.190ns (68.671%)  route 0.087ns (31.329%))
  Logic Levels:           1  (LUT3=1)
  Clock Path Skew:        0.013ns (DCD - SCD - CPR)
    Destination Clock Delay (DCD):    1.926ns
    Source Clock Delay      (SCD):    1.412ns
    Clock Pessimism Removal (CPR):    0.501ns

    Location             Delay type                Incr(ns)  Path(ns)    Netlist Resource(s)
  -------------------------------------------------------------------    -------------------
                         (clock sys_clk rise edge)    0.000     0.000 r  
    M18                                               0.000     0.000 r  clk (IN)
                         net (fo=0)                   0.000     0.000    clk
    M18                  IBUF (Prop_ibuf_I_O)         0.167     0.167 r  clk_IBUF_inst/O
                         net (fo=1, routed)           0.634     0.801    clk_IBUF
    BUFGCTRL_X0Y0        BUFG (Prop_bufg_I_O)         0.026     0.827 r  clk_IBUF_BUFG_inst/O
                         net (fo=48, routed)          0.585     1.412    datapath/CLK
    SLICE_X0Y22          FDRE                                         r  datapath/multiplier_reg[2]/C
  -------------------------------------------------------------------    -------------------
    SLICE_X0Y22          FDRE (Prop_fdre_C_Q)         0.141     1.553 r  datapath/multiplier_reg[2]/Q
                         net (fo=1, routed)           0.087     1.640    controller/multiplier_reg[6][1]
    SLICE_X1Y22          LUT3 (Prop_lut3_I2_O)        0.049     1.689 r  controller/multiplier[1]_i_1/O
                         net (fo=1, routed)           0.000     1.689    datapath/D[1]
    SLICE_X1Y22          FDRE                                         r  datapath/multiplier_reg[1]/D
  -------------------------------------------------------------------    -------------------

                         (clock sys_clk rise edge)    0.000     0.000 r  
    M18                                               0.000     0.000 r  clk (IN)
                         net (fo=0)                   0.000     0.000    clk
    M18                  IBUF (Prop_ibuf_I_O)         0.356     0.356 r  clk_IBUF_inst/O
                         net (fo=1, routed)           0.689     1.044    clk_IBUF
    BUFGCTRL_X0Y0        BUFG (Prop_bufg_I_O)         0.029     1.073 r  clk_IBUF_BUFG_inst/O
                         net (fo=48, routed)          0.853     1.926    datapath/CLK
    SLICE_X1Y22          FDRE                                         r  datapath/multiplier_reg[1]/C
                         clock pessimism             -0.501     1.425    
    SLICE_X1Y22          FDRE (Hold_fdre_C_D)         0.104     1.529    datapath/multiplier_reg[1]
  -------------------------------------------------------------------
                         required time                         -1.529    
                         arrival time                           1.689    
  -------------------------------------------------------------------
                         slack                                  0.160    

Slack (MET) :             0.203ns  (arrival time - required time)
  Source:                 datapath/multiplicand_reg[11]/C
                            (rising edge-triggered cell FDRE clocked by sys_clk  {rise@0.000ns fall@5.000ns period=10.000ns})
  Destination:            datapath/accumulator_reg[11]/D
                            (rising edge-triggered cell FDRE clocked by sys_clk  {rise@0.000ns fall@5.000ns period=10.000ns})
  Path Group:             sys_clk
  Path Type:              Hold (Min at Fast Process Corner)
  Requirement:            0.000ns  (sys_clk rise@0.000ns - sys_clk rise@0.000ns)
  Data Path Delay:        0.321ns  (logic 0.249ns (77.647%)  route 0.072ns (22.353%))
  Logic Levels:           2  (CARRY4=1 LUT2=1)
  Clock Path Skew:        0.013ns (DCD - SCD - CPR)
    Destination Clock Delay (DCD):    1.924ns
    Source Clock Delay      (SCD):    1.410ns
    Clock Pessimism Removal (CPR):    0.501ns

    Location             Delay type                Incr(ns)  Path(ns)    Netlist Resource(s)
  -------------------------------------------------------------------    -------------------
                         (clock sys_clk rise edge)    0.000     0.000 r  
    M18                                               0.000     0.000 r  clk (IN)
                         net (fo=0)                   0.000     0.000    clk
    M18                  IBUF (Prop_ibuf_I_O)         0.167     0.167 r  clk_IBUF_inst/O
                         net (fo=1, routed)           0.634     0.801    clk_IBUF
    BUFGCTRL_X0Y0        BUFG (Prop_bufg_I_O)         0.026     0.827 r  clk_IBUF_BUFG_inst/O
                         net (fo=48, routed)          0.583     1.410    datapath/CLK
    SLICE_X1Y26          FDRE                                         r  datapath/multiplicand_reg[11]/C
  -------------------------------------------------------------------    -------------------
    SLICE_X1Y26          FDRE (Prop_fdre_C_Q)         0.141     1.551 r  datapath/multiplicand_reg[11]/Q
                         net (fo=3, routed)           0.072     1.623    datapath/multiplicand[11]
    SLICE_X0Y26          LUT2 (Prop_lut2_I0_O)        0.045     1.668 r  datapath/accumulator[8]_i_2/O
                         net (fo=1, routed)           0.000     1.668    datapath/accumulator[8]_i_2_n_0
    SLICE_X0Y26          CARRY4 (Prop_carry4_S[3]_O[3])
                                                      0.063     1.731 r  datapath/accumulator_reg[8]_i_1/O[3]
                         net (fo=1, routed)           0.000     1.731    datapath/accumulator_reg[8]_i_1_n_4
    SLICE_X0Y26          FDRE                                         r  datapath/accumulator_reg[11]/D
  -------------------------------------------------------------------    -------------------

                         (clock sys_clk rise edge)    0.000     0.000 r  
    M18                                               0.000     0.000 r  clk (IN)
                         net (fo=0)                   0.000     0.000    clk
    M18                  IBUF (Prop_ibuf_I_O)         0.356     0.356 r  clk_IBUF_inst/O
                         net (fo=1, routed)           0.689     1.044    clk_IBUF
    BUFGCTRL_X0Y0        BUFG (Prop_bufg_I_O)         0.029     1.073 r  clk_IBUF_BUFG_inst/O
                         net (fo=48, routed)          0.851     1.924    datapath/CLK
    SLICE_X0Y26          FDRE                                         r  datapath/accumulator_reg[11]/C
                         clock pessimism             -0.501     1.423    
    SLICE_X0Y26          FDRE (Hold_fdre_C_D)         0.105     1.528    datapath/accumulator_reg[11]
  -------------------------------------------------------------------
                         required time                         -1.528    
                         arrival time                           1.731    
  -------------------------------------------------------------------
                         slack                                  0.203    

Slack (MET) :             0.218ns  (arrival time - required time)
  Source:                 datapath/multiplicand_reg[10]/C
                            (rising edge-triggered cell FDRE clocked by sys_clk  {rise@0.000ns fall@5.000ns period=10.000ns})
  Destination:            datapath/multiplicand_reg[11]/D
                            (rising edge-triggered cell FDRE clocked by sys_clk  {rise@0.000ns fall@5.000ns period=10.000ns})
  Path Group:             sys_clk
  Path Type:              Hold (Min at Fast Process Corner)
  Requirement:            0.000ns  (sys_clk rise@0.000ns - sys_clk rise@0.000ns)
  Data Path Delay:        0.265ns  (logic 0.141ns (53.178%)  route 0.124ns (46.822%))
  Logic Levels:           0  
  Clock Path Skew:        0.000ns (DCD - SCD - CPR)
    Destination Clock Delay (DCD):    1.924ns
    Source Clock Delay      (SCD):    1.410ns
    Clock Pessimism Removal (CPR):    0.514ns

    Location             Delay type                Incr(ns)  Path(ns)    Netlist Resource(s)
  -------------------------------------------------------------------    -------------------
                         (clock sys_clk rise edge)    0.000     0.000 r  
    M18                                               0.000     0.000 r  clk (IN)
                         net (fo=0)                   0.000     0.000    clk
    M18                  IBUF (Prop_ibuf_I_O)         0.167     0.167 r  clk_IBUF_inst/O
                         net (fo=1, routed)           0.634     0.801    clk_IBUF
    BUFGCTRL_X0Y0        BUFG (Prop_bufg_I_O)         0.026     0.827 r  clk_IBUF_BUFG_inst/O
                         net (fo=48, routed)          0.583     1.410    datapath/CLK
    SLICE_X1Y26          FDRE                                         r  datapath/multiplicand_reg[10]/C
  -------------------------------------------------------------------    -------------------
    SLICE_X1Y26          FDRE (Prop_fdre_C_Q)         0.141     1.551 r  datapath/multiplicand_reg[10]/Q
                         net (fo=3, routed)           0.124     1.675    datapath/multiplicand[10]
    SLICE_X1Y26          FDRE                                         r  datapath/multiplicand_reg[11]/D
  -------------------------------------------------------------------    -------------------

                         (clock sys_clk rise edge)    0.000     0.000 r  
    M18                                               0.000     0.000 r  clk (IN)
                         net (fo=0)                   0.000     0.000    clk
    M18                  IBUF (Prop_ibuf_I_O)         0.356     0.356 r  clk_IBUF_inst/O
                         net (fo=1, routed)           0.689     1.044    clk_IBUF
    BUFGCTRL_X0Y0        BUFG (Prop_bufg_I_O)         0.029     1.073 r  clk_IBUF_BUFG_inst/O
                         net (fo=48, routed)          0.851     1.924    datapath/CLK
    SLICE_X1Y26          FDRE                                         r  datapath/multiplicand_reg[11]/C
                         clock pessimism             -0.514     1.410    
    SLICE_X1Y26          FDRE (Hold_fdre_C_D)         0.047     1.457    datapath/multiplicand_reg[11]
  -------------------------------------------------------------------
                         required time                         -1.457    
                         arrival time                           1.675    
  -------------------------------------------------------------------
                         slack                                  0.218    

Slack (MET) :             0.244ns  (arrival time - required time)
  Source:                 datapath/multiplicand_reg[2]/C
                            (rising edge-triggered cell FDRE clocked by sys_clk  {rise@0.000ns fall@5.000ns period=10.000ns})
  Destination:            datapath/multiplicand_reg[3]/D
                            (rising edge-triggered cell FDRE clocked by sys_clk  {rise@0.000ns fall@5.000ns period=10.000ns})
  Path Group:             sys_clk
  Path Type:              Hold (Min at Fast Process Corner)
  Requirement:            0.000ns  (sys_clk rise@0.000ns - sys_clk rise@0.000ns)
  Data Path Delay:        0.351ns  (logic 0.183ns (52.101%)  route 0.168ns (47.899%))
  Logic Levels:           1  (LUT3=1)
  Clock Path Skew:        0.000ns (DCD - SCD - CPR)
    Destination Clock Delay (DCD):    1.924ns
    Source Clock Delay      (SCD):    1.410ns
    Clock Pessimism Removal (CPR):    0.514ns

    Location             Delay type                Incr(ns)  Path(ns)    Netlist Resource(s)
  -------------------------------------------------------------------    -------------------
                         (clock sys_clk rise edge)    0.000     0.000 r  
    M18                                               0.000     0.000 r  clk (IN)
                         net (fo=0)                   0.000     0.000    clk
    M18                  IBUF (Prop_ibuf_I_O)         0.167     0.167 r  clk_IBUF_inst/O
                         net (fo=1, routed)           0.634     0.801    clk_IBUF
    BUFGCTRL_X0Y0        BUFG (Prop_bufg_I_O)         0.026     0.827 r  clk_IBUF_BUFG_inst/O
                         net (fo=48, routed)          0.583     1.410    datapath/CLK
    SLICE_X1Y23          FDRE                                         r  datapath/multiplicand_reg[2]/C
  -------------------------------------------------------------------    -------------------
    SLICE_X1Y23          FDRE (Prop_fdre_C_Q)         0.141     1.551 r  datapath/multiplicand_reg[2]/Q
                         net (fo=3, routed)           0.168     1.719    controller/multiplicand_reg[7][2]
    SLICE_X1Y23          LUT3 (Prop_lut3_I2_O)        0.042     1.761 r  controller/multiplicand[3]_i_1/O
                         net (fo=1, routed)           0.000     1.761    datapath/multiplicand_reg[7]_0[3]
    SLICE_X1Y23          FDRE                                         r  datapath/multiplicand_reg[3]/D
  -------------------------------------------------------------------    -------------------

                         (clock sys_clk rise edge)    0.000     0.000 r  
    M18                                               0.000     0.000 r  clk (IN)
                         net (fo=0)                   0.000     0.000    clk
    M18                  IBUF (Prop_ibuf_I_O)         0.356     0.356 r  clk_IBUF_inst/O
                         net (fo=1, routed)           0.689     1.044    clk_IBUF
    BUFGCTRL_X0Y0        BUFG (Prop_bufg_I_O)         0.029     1.073 r  clk_IBUF_BUFG_inst/O
                         net (fo=48, routed)          0.851     1.924    datapath/CLK
    SLICE_X1Y23          FDRE                                         r  datapath/multiplicand_reg[3]/C
                         clock pessimism             -0.514     1.410    
    SLICE_X1Y23          FDRE (Hold_fdre_C_D)         0.107     1.517    datapath/multiplicand_reg[3]
  -------------------------------------------------------------------
                         required time                         -1.517    
                         arrival time                           1.761    
  -------------------------------------------------------------------
                         slack                                  0.244    

Slack (MET) :             0.244ns  (arrival time - required time)
  Source:                 datapath/multiplicand_reg[6]/C
                            (rising edge-triggered cell FDRE clocked by sys_clk  {rise@0.000ns fall@5.000ns period=10.000ns})
  Destination:            datapath/multiplicand_reg[7]/D
                            (rising edge-triggered cell FDRE clocked by sys_clk  {rise@0.000ns fall@5.000ns period=10.000ns})
  Path Group:             sys_clk
  Path Type:              Hold (Min at Fast Process Corner)
  Requirement:            0.000ns  (sys_clk rise@0.000ns - sys_clk rise@0.000ns)
  Data Path Delay:        0.351ns  (logic 0.183ns (52.101%)  route 0.168ns (47.899%))
  Logic Levels:           1  (LUT3=1)
  Clock Path Skew:        0.000ns (DCD - SCD - CPR)
    Destination Clock Delay (DCD):    1.923ns
    Source Clock Delay      (SCD):    1.409ns
    Clock Pessimism Removal (CPR):    0.514ns

    Location             Delay type                Incr(ns)  Path(ns)    Netlist Resource(s)
  -------------------------------------------------------------------    -------------------
                         (clock sys_clk rise edge)    0.000     0.000 r  
    M18                                               0.000     0.000 r  clk (IN)
                         net (fo=0)                   0.000     0.000    clk
    M18                  IBUF (Prop_ibuf_I_O)         0.167     0.167 r  clk_IBUF_inst/O
                         net (fo=1, routed)           0.634     0.801    clk_IBUF
    BUFGCTRL_X0Y0        BUFG (Prop_bufg_I_O)         0.026     0.827 r  clk_IBUF_BUFG_inst/O
                         net (fo=48, routed)          0.582     1.409    datapath/CLK
    SLICE_X1Y24          FDRE                                         r  datapath/multiplicand_reg[6]/C
  -------------------------------------------------------------------    -------------------
    SLICE_X1Y24          FDRE (Prop_fdre_C_Q)         0.141     1.550 r  datapath/multiplicand_reg[6]/Q
                         net (fo=3, routed)           0.168     1.718    controller/multiplicand_reg[7][6]
    SLICE_X1Y24          LUT3 (Prop_lut3_I2_O)        0.042     1.760 r  controller/multiplicand[7]_i_1/O
                         net (fo=1, routed)           0.000     1.760    datapath/multiplicand_reg[7]_0[7]
    SLICE_X1Y24          FDRE                                         r  datapath/multiplicand_reg[7]/D
  -------------------------------------------------------------------    -------------------

                         (clock sys_clk rise edge)    0.000     0.000 r  
    M18                                               0.000     0.000 r  clk (IN)
                         net (fo=0)                   0.000     0.000    clk
    M18                  IBUF (Prop_ibuf_I_O)         0.356     0.356 r  clk_IBUF_inst/O
                         net (fo=1, routed)           0.689     1.044    clk_IBUF
    BUFGCTRL_X0Y0        BUFG (Prop_bufg_I_O)         0.029     1.073 r  clk_IBUF_BUFG_inst/O
                         net (fo=48, routed)          0.850     1.923    datapath/CLK
    SLICE_X1Y24          FDRE                                         r  datapath/multiplicand_reg[7]/C
                         clock pessimism             -0.514     1.409    
    SLICE_X1Y24          FDRE (Hold_fdre_C_D)         0.107     1.516    datapath/multiplicand_reg[7]
  -------------------------------------------------------------------
                         required time                         -1.516    
                         arrival time                           1.760    
  -------------------------------------------------------------------
                         slack                                  0.244    

Slack (MET) :             0.244ns  (arrival time - required time)
  Source:                 datapath/multiplicand_reg[0]/C
                            (rising edge-triggered cell FDRE clocked by sys_clk  {rise@0.000ns fall@5.000ns period=10.000ns})
  Destination:            datapath/multiplicand_reg[1]/D
                            (rising edge-triggered cell FDRE clocked by sys_clk  {rise@0.000ns fall@5.000ns period=10.000ns})
  Path Group:             sys_clk
  Path Type:              Hold (Min at Fast Process Corner)
  Requirement:            0.000ns  (sys_clk rise@0.000ns - sys_clk rise@0.000ns)
  Data Path Delay:        0.351ns  (logic 0.183ns (52.092%)  route 0.168ns (47.908%))
  Logic Levels:           1  (LUT3=1)
  Clock Path Skew:        0.000ns (DCD - SCD - CPR)
    Destination Clock Delay (DCD):    1.926ns
    Source Clock Delay      (SCD):    1.412ns
    Clock Pessimism Removal (CPR):    0.514ns

    Location             Delay type                Incr(ns)  Path(ns)    Netlist Resource(s)
  -------------------------------------------------------------------    -------------------
                         (clock sys_clk rise edge)    0.000     0.000 r  
    M18                                               0.000     0.000 r  clk (IN)
                         net (fo=0)                   0.000     0.000    clk
    M18                  IBUF (Prop_ibuf_I_O)         0.167     0.167 r  clk_IBUF_inst/O
                         net (fo=1, routed)           0.634     0.801    clk_IBUF
    BUFGCTRL_X0Y0        BUFG (Prop_bufg_I_O)         0.026     0.827 r  clk_IBUF_BUFG_inst/O
                         net (fo=48, routed)          0.585     1.412    datapath/CLK
    SLICE_X1Y22          FDRE                                         r  datapath/multiplicand_reg[0]/C
  -------------------------------------------------------------------    -------------------
    SLICE_X1Y22          FDRE (Prop_fdre_C_Q)         0.141     1.553 r  datapath/multiplicand_reg[0]/Q
                         net (fo=3, routed)           0.168     1.721    controller/multiplicand_reg[7][0]
    SLICE_X1Y22          LUT3 (Prop_lut3_I2_O)        0.042     1.763 r  controller/multiplicand[1]_i_1/O
                         net (fo=1, routed)           0.000     1.763    datapath/multiplicand_reg[7]_0[1]
    SLICE_X1Y22          FDRE                                         r  datapath/multiplicand_reg[1]/D
  -------------------------------------------------------------------    -------------------

                         (clock sys_clk rise edge)    0.000     0.000 r  
    M18                                               0.000     0.000 r  clk (IN)
                         net (fo=0)                   0.000     0.000    clk
    M18                  IBUF (Prop_ibuf_I_O)         0.356     0.356 r  clk_IBUF_inst/O
                         net (fo=1, routed)           0.689     1.044    clk_IBUF
    BUFGCTRL_X0Y0        BUFG (Prop_bufg_I_O)         0.029     1.073 r  clk_IBUF_BUFG_inst/O
                         net (fo=48, routed)          0.853     1.926    datapath/CLK
    SLICE_X1Y22          FDRE                                         r  datapath/multiplicand_reg[1]/C
                         clock pessimism             -0.514     1.412    
    SLICE_X1Y22          FDRE (Hold_fdre_C_D)         0.107     1.519    datapath/multiplicand_reg[1]
  -------------------------------------------------------------------
                         required time                         -1.519    
                         arrival time                           1.763    
  -------------------------------------------------------------------
                         slack                                  0.244    

Slack (MET) :             0.246ns  (arrival time - required time)
  Source:                 datapath/multiplicand_reg[14]/C
                            (rising edge-triggered cell FDRE clocked by sys_clk  {rise@0.000ns fall@5.000ns period=10.000ns})
  Destination:            datapath/multiplicand_reg[15]/D
                            (rising edge-triggered cell FDRE clocked by sys_clk  {rise@0.000ns fall@5.000ns period=10.000ns})
  Path Group:             sys_clk
  Path Type:              Hold (Min at Fast Process Corner)
  Requirement:            0.000ns  (sys_clk rise@0.000ns - sys_clk rise@0.000ns)
  Data Path Delay:        0.263ns  (logic 0.128ns (48.640%)  route 0.135ns (51.360%))
  Logic Levels:           0  
  Clock Path Skew:        0.000ns (DCD - SCD - CPR)
    Destination Clock Delay (DCD):    1.924ns
    Source Clock Delay      (SCD):    1.410ns
    Clock Pessimism Removal (CPR):    0.514ns

    Location             Delay type                Incr(ns)  Path(ns)    Netlist Resource(s)
  -------------------------------------------------------------------    -------------------
                         (clock sys_clk rise edge)    0.000     0.000 r  
    M18                                               0.000     0.000 r  clk (IN)
                         net (fo=0)                   0.000     0.000    clk
    M18                  IBUF (Prop_ibuf_I_O)         0.167     0.167 r  clk_IBUF_inst/O
                         net (fo=1, routed)           0.634     0.801    clk_IBUF
    BUFGCTRL_X0Y0        BUFG (Prop_bufg_I_O)         0.026     0.827 r  clk_IBUF_BUFG_inst/O
                         net (fo=48, routed)          0.583     1.410    datapath/CLK
    SLICE_X1Y26          FDRE                                         r  datapath/multiplicand_reg[14]/C
  -------------------------------------------------------------------    -------------------
    SLICE_X1Y26          FDRE (Prop_fdre_C_Q)         0.128     1.538 r  datapath/multiplicand_reg[14]/Q
                         net (fo=3, routed)           0.135     1.673    datapath/multiplicand[14]
    SLICE_X1Y26          FDRE                                         r  datapath/multiplicand_reg[15]/D
  -------------------------------------------------------------------    -------------------

                         (clock sys_clk rise edge)    0.000     0.000 r  
    M18                                               0.000     0.000 r  clk (IN)
                         net (fo=0)                   0.000     0.000    clk
    M18                  IBUF (Prop_ibuf_I_O)         0.356     0.356 r  clk_IBUF_inst/O
                         net (fo=1, routed)           0.689     1.044    clk_IBUF
    BUFGCTRL_X0Y0        BUFG (Prop_bufg_I_O)         0.029     1.073 r  clk_IBUF_BUFG_inst/O
                         net (fo=48, routed)          0.851     1.924    datapath/CLK
    SLICE_X1Y26          FDRE                                         r  datapath/multiplicand_reg[15]/C
                         clock pessimism             -0.514     1.410    
    SLICE_X1Y26          FDRE (Hold_fdre_C_D)         0.017     1.427    datapath/multiplicand_reg[15]
  -------------------------------------------------------------------
                         required time                         -1.427    
                         arrival time                           1.673    
  -------------------------------------------------------------------
                         slack                                  0.246    

Slack (MET) :             0.267ns  (arrival time - required time)
  Source:                 datapath/multiplicand_reg[8]/C
                            (rising edge-triggered cell FDRE clocked by sys_clk  {rise@0.000ns fall@5.000ns period=10.000ns})
  Destination:            datapath/accumulator_reg[9]/D
                            (rising edge-triggered cell FDRE clocked by sys_clk  {rise@0.000ns fall@5.000ns period=10.000ns})
  Path Group:             sys_clk
  Path Type:              Hold (Min at Fast Process Corner)
  Requirement:            0.000ns  (sys_clk rise@0.000ns - sys_clk rise@0.000ns)
  Data Path Delay:        0.385ns  (logic 0.305ns (79.137%)  route 0.080ns (20.863%))
  Logic Levels:           1  (CARRY4=1)
  Clock Path Skew:        0.013ns (DCD - SCD - CPR)
    Destination Clock Delay (DCD):    1.924ns
    Source Clock Delay      (SCD):    1.410ns
    Clock Pessimism Removal (CPR):    0.501ns

    Location             Delay type                Incr(ns)  Path(ns)    Netlist Resource(s)
  -------------------------------------------------------------------    -------------------
                         (clock sys_clk rise edge)    0.000     0.000 r  
    M18                                               0.000     0.000 r  clk (IN)
                         net (fo=0)                   0.000     0.000    clk
    M18                  IBUF (Prop_ibuf_I_O)         0.167     0.167 r  clk_IBUF_inst/O
                         net (fo=1, routed)           0.634     0.801    clk_IBUF
    BUFGCTRL_X0Y0        BUFG (Prop_bufg_I_O)         0.026     0.827 r  clk_IBUF_BUFG_inst/O
                         net (fo=48, routed)          0.583     1.410    datapath/CLK
    SLICE_X1Y26          FDRE                                         r  datapath/multiplicand_reg[8]/C
  -------------------------------------------------------------------    -------------------
    SLICE_X1Y26          FDRE (Prop_fdre_C_Q)         0.128     1.538 r  datapath/multiplicand_reg[8]/Q
                         net (fo=3, routed)           0.080     1.618    datapath/multiplicand[8]
    SLICE_X0Y26          CARRY4 (Prop_carry4_DI[0]_O[1])
                                                      0.177     1.795 r  datapath/accumulator_reg[8]_i_1/O[1]
                         net (fo=1, routed)           0.000     1.795    datapath/accumulator_reg[8]_i_1_n_6
    SLICE_X0Y26          FDRE                                         r  datapath/accumulator_reg[9]/D
  -------------------------------------------------------------------    -------------------

                         (clock sys_clk rise edge)    0.000     0.000 r  
    M18                                               0.000     0.000 r  clk (IN)
                         net (fo=0)                   0.000     0.000    clk
    M18                  IBUF (Prop_ibuf_I_O)         0.356     0.356 r  clk_IBUF_inst/O
                         net (fo=1, routed)           0.689     1.044    clk_IBUF
    BUFGCTRL_X0Y0        BUFG (Prop_bufg_I_O)         0.029     1.073 r  clk_IBUF_BUFG_inst/O
                         net (fo=48, routed)          0.851     1.924    datapath/CLK
    SLICE_X0Y26          FDRE                                         r  datapath/accumulator_reg[9]/C
                         clock pessimism             -0.501     1.423    
    SLICE_X0Y26          FDRE (Hold_fdre_C_D)         0.105     1.528    datapath/accumulator_reg[9]
  -------------------------------------------------------------------
                         required time                         -1.528    
                         arrival time                           1.795    
  -------------------------------------------------------------------
                         slack                                  0.267    

Slack (MET) :             0.274ns  (arrival time - required time)
  Source:                 datapath/count_reg[1]/C
                            (rising edge-triggered cell FDRE clocked by sys_clk  {rise@0.000ns fall@5.000ns period=10.000ns})
  Destination:            datapath/count_reg[2]/D
                            (rising edge-triggered cell FDRE clocked by sys_clk  {rise@0.000ns fall@5.000ns period=10.000ns})
  Path Group:             sys_clk
  Path Type:              Hold (Min at Fast Process Corner)
  Requirement:            0.000ns  (sys_clk rise@0.000ns - sys_clk rise@0.000ns)
  Data Path Delay:        0.405ns  (logic 0.207ns (51.051%)  route 0.198ns (48.949%))
  Logic Levels:           1  (LUT3=1)
  Clock Path Skew:        0.000ns (DCD - SCD - CPR)
    Destination Clock Delay (DCD):    1.923ns
    Source Clock Delay      (SCD):    1.409ns
    Clock Pessimism Removal (CPR):    0.514ns

    Location             Delay type                Incr(ns)  Path(ns)    Netlist Resource(s)
  -------------------------------------------------------------------    -------------------
                         (clock sys_clk rise edge)    0.000     0.000 r  
    M18                                               0.000     0.000 r  clk (IN)
                         net (fo=0)                   0.000     0.000    clk
    M18                  IBUF (Prop_ibuf_I_O)         0.167     0.167 r  clk_IBUF_inst/O
                         net (fo=1, routed)           0.634     0.801    clk_IBUF
    BUFGCTRL_X0Y0        BUFG (Prop_bufg_I_O)         0.026     0.827 r  clk_IBUF_BUFG_inst/O
                         net (fo=48, routed)          0.582     1.409    datapath/CLK
    SLICE_X2Y25          FDRE                                         r  datapath/count_reg[1]/C
  -------------------------------------------------------------------    -------------------
    SLICE_X2Y25          FDRE (Prop_fdre_C_Q)         0.164     1.573 r  datapath/count_reg[1]/Q
                         net (fo=7, routed)           0.198     1.771    datapath/count_reg[1]
    SLICE_X2Y25          LUT3 (Prop_lut3_I1_O)        0.043     1.814 r  datapath/count[2]_i_1/O
                         net (fo=1, routed)           0.000     1.814    datapath/p_0_in__0[2]
    SLICE_X2Y25          FDRE                                         r  datapath/count_reg[2]/D
  -------------------------------------------------------------------    -------------------

                         (clock sys_clk rise edge)    0.000     0.000 r  
    M18                                               0.000     0.000 r  clk (IN)
                         net (fo=0)                   0.000     0.000    clk
    M18                  IBUF (Prop_ibuf_I_O)         0.356     0.356 r  clk_IBUF_inst/O
                         net (fo=1, routed)           0.689     1.044    clk_IBUF
    BUFGCTRL_X0Y0        BUFG (Prop_bufg_I_O)         0.029     1.073 r  clk_IBUF_BUFG_inst/O
                         net (fo=48, routed)          0.850     1.923    datapath/CLK
    SLICE_X2Y25          FDRE                                         r  datapath/count_reg[2]/C
                         clock pessimism             -0.514     1.409    
    SLICE_X2Y25          FDRE (Hold_fdre_C_D)         0.131     1.540    datapath/count_reg[2]
  -------------------------------------------------------------------
                         required time                         -1.540    
                         arrival time                           1.814    
  -------------------------------------------------------------------
                         slack                                  0.274    

Slack (MET) :             0.279ns  (arrival time - required time)
  Source:                 datapath/multiplicand_reg[12]/C
                            (rising edge-triggered cell FDRE clocked by sys_clk  {rise@0.000ns fall@5.000ns period=10.000ns})
  Destination:            datapath/accumulator_reg[13]/D
                            (rising edge-triggered cell FDRE clocked by sys_clk  {rise@0.000ns fall@5.000ns period=10.000ns})
  Path Group:             sys_clk
  Path Type:              Hold (Min at Fast Process Corner)
  Requirement:            0.000ns  (sys_clk rise@0.000ns - sys_clk rise@0.000ns)
  Data Path Delay:        0.399ns  (logic 0.265ns (66.454%)  route 0.134ns (33.546%))
  Logic Levels:           1  (CARRY4=1)
  Clock Path Skew:        0.015ns (DCD - SCD - CPR)
    Destination Clock Delay (DCD):    1.926ns
    Source Clock Delay      (SCD):    1.410ns
    Clock Pessimism Removal (CPR):    0.501ns

    Location             Delay type                Incr(ns)  Path(ns)    Netlist Resource(s)
  -------------------------------------------------------------------    -------------------
                         (clock sys_clk rise edge)    0.000     0.000 r  
    M18                                               0.000     0.000 r  clk (IN)
                         net (fo=0)                   0.000     0.000    clk
    M18                  IBUF (Prop_ibuf_I_O)         0.167     0.167 r  clk_IBUF_inst/O
                         net (fo=1, routed)           0.634     0.801    clk_IBUF
    BUFGCTRL_X0Y0        BUFG (Prop_bufg_I_O)         0.026     0.827 r  clk_IBUF_BUFG_inst/O
                         net (fo=48, routed)          0.583     1.410    datapath/CLK
    SLICE_X1Y26          FDRE                                         r  datapath/multiplicand_reg[12]/C
  -------------------------------------------------------------------    -------------------
    SLICE_X1Y26          FDRE (Prop_fdre_C_Q)         0.141     1.551 r  datapath/multiplicand_reg[12]/Q
                         net (fo=3, routed)           0.134     1.685    datapath/multiplicand[12]
    SLICE_X0Y27          CARRY4 (Prop_carry4_DI[0]_O[1])
                                                      0.124     1.809 r  datapath/accumulator_reg[12]_i_1/O[1]
                         net (fo=1, routed)           0.000     1.809    datapath/accumulator_reg[12]_i_1_n_6
    SLICE_X0Y27          FDRE                                         r  datapath/accumulator_reg[13]/D
  -------------------------------------------------------------------    -------------------

                         (clock sys_clk rise edge)    0.000     0.000 r  
    M18                                               0.000     0.000 r  clk (IN)
                         net (fo=0)                   0.000     0.000    clk
    M18                  IBUF (Prop_ibuf_I_O)         0.356     0.356 r  clk_IBUF_inst/O
                         net (fo=1, routed)           0.689     1.044    clk_IBUF
    BUFGCTRL_X0Y0        BUFG (Prop_bufg_I_O)         0.029     1.073 r  clk_IBUF_BUFG_inst/O
                         net (fo=48, routed)          0.853     1.926    datapath/CLK
    SLICE_X0Y27          FDRE                                         r  datapath/accumulator_reg[13]/C
                         clock pessimism             -0.501     1.425    
    SLICE_X0Y27          FDRE (Hold_fdre_C_D)         0.105     1.530    datapath/accumulator_reg[13]
  -------------------------------------------------------------------
                         required time                         -1.530    
                         arrival time                           1.809    
  -------------------------------------------------------------------
                         slack                                  0.279    





Pulse Width Checks
--------------------------------------------------------------------------------------
Clock Name:         sys_clk
Waveform(ns):       { 0.000 5.000 }
Period(ns):         10.000
Sources:            { clk }

Check Type        Corner  Lib Pin  Reference Pin  Required(ns)  Actual(ns)  Slack(ns)  Location       Pin
Min Period        n/a     BUFG/I   n/a            2.155         10.000      7.845      BUFGCTRL_X0Y0  clk_IBUF_BUFG_inst/I
Min Period        n/a     FDSE/C   n/a            1.000         10.000      9.000      SLICE_X1Y25    controller/FSM_onehot_state_reg[0]/C
Min Period        n/a     FDRE/C   n/a            1.000         10.000      9.000      SLICE_X1Y25    controller/FSM_onehot_state_reg[1]/C
Min Period        n/a     FDRE/C   n/a            1.000         10.000      9.000      SLICE_X1Y25    controller/FSM_onehot_state_reg[2]/C
Min Period        n/a     FDRE/C   n/a            1.000         10.000      9.000      SLICE_X1Y25    controller/FSM_onehot_state_reg[3]/C
Min Period        n/a     FDRE/C   n/a            1.000         10.000      9.000      SLICE_X0Y24    datapath/accumulator_reg[0]/C
Min Period        n/a     FDRE/C   n/a            1.000         10.000      9.000      SLICE_X0Y26    datapath/accumulator_reg[10]/C
Min Period        n/a     FDRE/C   n/a            1.000         10.000      9.000      SLICE_X0Y26    datapath/accumulator_reg[11]/C
Min Period        n/a     FDRE/C   n/a            1.000         10.000      9.000      SLICE_X0Y27    datapath/accumulator_reg[12]/C
Min Period        n/a     FDRE/C   n/a            1.000         10.000      9.000      SLICE_X0Y27    datapath/accumulator_reg[13]/C
Low Pulse Width   Slow    FDSE/C   n/a            0.500         5.000       4.500      SLICE_X1Y25    controller/FSM_onehot_state_reg[0]/C
Low Pulse Width   Fast    FDSE/C   n/a            0.500         5.000       4.500      SLICE_X1Y25    controller/FSM_onehot_state_reg[0]/C
Low Pulse Width   Slow    FDRE/C   n/a            0.500         5.000       4.500      SLICE_X1Y25    controller/FSM_onehot_state_reg[1]/C
Low Pulse Width   Fast    FDRE/C   n/a            0.500         5.000       4.500      SLICE_X1Y25    controller/FSM_onehot_state_reg[1]/C
Low Pulse Width   Slow    FDRE/C   n/a            0.500         5.000       4.500      SLICE_X1Y25    controller/FSM_onehot_state_reg[2]/C
Low Pulse Width   Fast    FDRE/C   n/a            0.500         5.000       4.500      SLICE_X1Y25    controller/FSM_onehot_state_reg[2]/C
Low Pulse Width   Slow    FDRE/C   n/a            0.500         5.000       4.500      SLICE_X1Y25    controller/FSM_onehot_state_reg[3]/C
Low Pulse Width   Fast    FDRE/C   n/a            0.500         5.000       4.500      SLICE_X1Y25    controller/FSM_onehot_state_reg[3]/C
Low Pulse Width   Slow    FDRE/C   n/a            0.500         5.000       4.500      SLICE_X0Y24    datapath/accumulator_reg[0]/C
Low Pulse Width   Fast    FDRE/C   n/a            0.500         5.000       4.500      SLICE_X0Y24    datapath/accumulator_reg[0]/C
High Pulse Width  Slow    FDSE/C   n/a            0.500         5.000       4.500      SLICE_X1Y25    controller/FSM_onehot_state_reg[0]/C
High Pulse Width  Fast    FDSE/C   n/a            0.500         5.000       4.500      SLICE_X1Y25    controller/FSM_onehot_state_reg[0]/C
High Pulse Width  Slow    FDRE/C   n/a            0.500         5.000       4.500      SLICE_X1Y25    controller/FSM_onehot_state_reg[1]/C
High Pulse Width  Fast    FDRE/C   n/a            0.500         5.000       4.500      SLICE_X1Y25    controller/FSM_onehot_state_reg[1]/C
High Pulse Width  Slow    FDRE/C   n/a            0.500         5.000       4.500      SLICE_X1Y25    controller/FSM_onehot_state_reg[2]/C
High Pulse Width  Fast    FDRE/C   n/a            0.500         5.000       4.500      SLICE_X1Y25    controller/FSM_onehot_state_reg[2]/C
High Pulse Width  Slow    FDRE/C   n/a            0.500         5.000       4.500      SLICE_X1Y25    controller/FSM_onehot_state_reg[3]/C
High Pulse Width  Fast    FDRE/C   n/a            0.500         5.000       4.500      SLICE_X1Y25    controller/FSM_onehot_state_reg[3]/C
High Pulse Width  Slow    FDRE/C   n/a            0.500         5.000       4.500      SLICE_X0Y24    datapath/accumulator_reg[0]/C
High Pulse Width  Fast    FDRE/C   n/a            0.500         5.000       4.500      SLICE_X0Y24    datapath/accumulator_reg[0]/C



--------------------------------------------------------------------------------------
Path Group:  (none)
From Clock:  sys_clk
  To Clock:  

Max Delay            18 Endpoints
Min Delay            18 Endpoints
--------------------------------------------------------------------------------------


Max Delay Paths
--------------------------------------------------------------------------------------
Slack:                    inf
  Source:                 controller/FSM_onehot_state_reg[1]/C
                            (rising edge-triggered cell FDRE clocked by sys_clk  {rise@0.000ns fall@5.000ns period=10.000ns})
  Destination:            busy
                            (output port)
  Path Group:             (none)
  Path Type:              Max at Slow Process Corner
  Data Path Delay:        6.063ns  (logic 3.198ns (52.742%)  route 2.865ns (47.258%))
  Logic Levels:           2  (LUT2=1 OBUF=1)
  Clock Uncertainty:      0.025ns  ((TSJ^2 + TIJ^2)^1/2 + DJ) / 2 + PE
    Total System Jitter     (TSJ):    0.050ns
    Total Input Jitter      (TIJ):    0.000ns
    Discrete Jitter          (DJ):    0.000ns
    Phase Error              (PE):    0.000ns

    Location             Delay type                Incr(ns)  Path(ns)    Netlist Resource(s)
  -------------------------------------------------------------------    -------------------
                         (clock sys_clk rise edge)    0.000     0.000 r  
    M18                                               0.000     0.000 r  clk (IN)
                         net (fo=0)                   0.000     0.000    clk
    M18                  IBUF (Prop_ibuf_I_O)         0.938     0.938 r  clk_IBUF_inst/O
                         net (fo=1, routed)           1.972     2.910    clk_IBUF
    BUFGCTRL_X0Y0        BUFG (Prop_bufg_I_O)         0.096     3.006 r  clk_IBUF_BUFG_inst/O
                         net (fo=48, routed)          1.618     4.624    controller/CLK
    SLICE_X1Y25          FDRE                                         r  controller/FSM_onehot_state_reg[1]/C
  -------------------------------------------------------------------    -------------------
    SLICE_X1Y25          FDRE (Prop_fdre_C_Q)         0.456     5.080 r  controller/FSM_onehot_state_reg[1]/Q
                         net (fo=22, routed)          0.952     6.032    controller/Q[0]
    SLICE_X1Y25          LUT2 (Prop_lut2_I0_O)        0.124     6.156 r  controller/busy_OBUF_inst_i_1/O
                         net (fo=1, routed)           1.913     8.069    busy_OBUF
    J18                  OBUF (Prop_obuf_I_O)         2.618    10.687 r  busy_OBUF_inst/O
                         net (fo=0)                   0.000    10.687    busy
    J18                                                               r  busy (OUT)
  -------------------------------------------------------------------    -------------------

Slack:                    inf
  Source:                 controller/FSM_onehot_state_reg[3]/C
                            (rising edge-triggered cell FDRE clocked by sys_clk  {rise@0.000ns fall@5.000ns period=10.000ns})
  Destination:            done
                            (output port)
  Path Group:             (none)
  Path Type:              Max at Slow Process Corner
  Data Path Delay:        5.186ns  (logic 3.070ns (59.194%)  route 2.116ns (40.806%))
  Logic Levels:           1  (OBUF=1)
  Clock Uncertainty:      0.025ns  ((TSJ^2 + TIJ^2)^1/2 + DJ) / 2 + PE
    Total System Jitter     (TSJ):    0.050ns
    Total Input Jitter      (TIJ):    0.000ns
    Discrete Jitter          (DJ):    0.000ns
    Phase Error              (PE):    0.000ns

    Location             Delay type                Incr(ns)  Path(ns)    Netlist Resource(s)
  -------------------------------------------------------------------    -------------------
                         (clock sys_clk rise edge)    0.000     0.000 r  
    M18                                               0.000     0.000 r  clk (IN)
                         net (fo=0)                   0.000     0.000    clk
    M18                  IBUF (Prop_ibuf_I_O)         0.938     0.938 r  clk_IBUF_inst/O
                         net (fo=1, routed)           1.972     2.910    clk_IBUF
    BUFGCTRL_X0Y0        BUFG (Prop_bufg_I_O)         0.096     3.006 r  clk_IBUF_BUFG_inst/O
                         net (fo=48, routed)          1.618     4.624    controller/CLK
    SLICE_X1Y25          FDRE                                         r  controller/FSM_onehot_state_reg[3]/C
  -------------------------------------------------------------------    -------------------
    SLICE_X1Y25          FDRE (Prop_fdre_C_Q)         0.456     5.080 r  controller/FSM_onehot_state_reg[3]/Q
                         net (fo=3, routed)           2.116     7.196    done_OBUF
    J17                  OBUF (Prop_obuf_I_O)         2.614     9.810 r  done_OBUF_inst/O
                         net (fo=0)                   0.000     9.810    done
    J17                                                               r  done (OUT)
  -------------------------------------------------------------------    -------------------

Slack:                    inf
  Source:                 datapath/accumulator_reg[3]/C
                            (rising edge-triggered cell FDRE clocked by sys_clk  {rise@0.000ns fall@5.000ns period=10.000ns})
  Destination:            product[3]
                            (output port)
  Path Group:             (none)
  Path Type:              Max at Slow Process Corner
  Data Path Delay:        4.969ns  (logic 3.049ns (61.365%)  route 1.920ns (38.635%))
  Logic Levels:           1  (OBUF=1)
  Clock Uncertainty:      0.025ns  ((TSJ^2 + TIJ^2)^1/2 + DJ) / 2 + PE
    Total System Jitter     (TSJ):    0.050ns
    Total Input Jitter      (TIJ):    0.000ns
    Discrete Jitter          (DJ):    0.000ns
    Phase Error              (PE):    0.000ns

    Location             Delay type                Incr(ns)  Path(ns)    Netlist Resource(s)
  -------------------------------------------------------------------    -------------------
                         (clock sys_clk rise edge)    0.000     0.000 r  
    M18                                               0.000     0.000 r  clk (IN)
                         net (fo=0)                   0.000     0.000    clk
    M18                  IBUF (Prop_ibuf_I_O)         0.938     0.938 r  clk_IBUF_inst/O
                         net (fo=1, routed)           1.972     2.910    clk_IBUF
    BUFGCTRL_X0Y0        BUFG (Prop_bufg_I_O)         0.096     3.006 r  clk_IBUF_BUFG_inst/O
                         net (fo=48, routed)          1.618     4.624    datapath/CLK
    SLICE_X0Y24          FDRE                                         r  datapath/accumulator_reg[3]/C
  -------------------------------------------------------------------    -------------------
    SLICE_X0Y24          FDRE (Prop_fdre_C_Q)         0.456     5.080 r  datapath/accumulator_reg[3]/Q
                         net (fo=2, routed)           1.920     7.000    product_OBUF[3]
    R18                  OBUF (Prop_obuf_I_O)         2.593     9.593 r  product_OBUF[3]_inst/O
                         net (fo=0)                   0.000     9.593    product[3]
    R18                                                               r  product[3] (OUT)
  -------------------------------------------------------------------    -------------------

Slack:                    inf
  Source:                 datapath/accumulator_reg[14]/C
                            (rising edge-triggered cell FDRE clocked by sys_clk  {rise@0.000ns fall@5.000ns period=10.000ns})
  Destination:            product[14]
                            (output port)
  Path Group:             (none)
  Path Type:              Max at Slow Process Corner
  Data Path Delay:        4.943ns  (logic 3.068ns (62.061%)  route 1.875ns (37.939%))
  Logic Levels:           1  (OBUF=1)
  Clock Uncertainty:      0.025ns  ((TSJ^2 + TIJ^2)^1/2 + DJ) / 2 + PE
    Total System Jitter     (TSJ):    0.050ns
    Total Input Jitter      (TIJ):    0.000ns
    Discrete Jitter          (DJ):    0.000ns
    Phase Error              (PE):    0.000ns

    Location             Delay type                Incr(ns)  Path(ns)    Netlist Resource(s)
  -------------------------------------------------------------------    -------------------
                         (clock sys_clk rise edge)    0.000     0.000 r  
    M18                                               0.000     0.000 r  clk (IN)
                         net (fo=0)                   0.000     0.000    clk
    M18                  IBUF (Prop_ibuf_I_O)         0.938     0.938 r  clk_IBUF_inst/O
                         net (fo=1, routed)           1.972     2.910    clk_IBUF
    BUFGCTRL_X0Y0        BUFG (Prop_bufg_I_O)         0.096     3.006 r  clk_IBUF_BUFG_inst/O
                         net (fo=48, routed)          1.621     4.627    datapath/CLK
    SLICE_X0Y27          FDRE                                         r  datapath/accumulator_reg[14]/C
  -------------------------------------------------------------------    -------------------
    SLICE_X0Y27          FDRE (Prop_fdre_C_Q)         0.456     5.083 r  datapath/accumulator_reg[14]/Q
                         net (fo=2, routed)           1.875     6.958    product_OBUF[14]
    K18                  OBUF (Prop_obuf_I_O)         2.612     9.570 r  product_OBUF[14]_inst/O
                         net (fo=0)                   0.000     9.570    product[14]
    K18                                                               r  product[14] (OUT)
  -------------------------------------------------------------------    -------------------

Slack:                    inf
  Source:                 datapath/accumulator_reg[15]/C
                            (rising edge-triggered cell FDRE clocked by sys_clk  {rise@0.000ns fall@5.000ns period=10.000ns})
  Destination:            product[15]
                            (output port)
  Path Group:             (none)
  Path Type:              Max at Slow Process Corner
  Data Path Delay:        4.930ns  (logic 3.052ns (61.917%)  route 1.877ns (38.083%))
  Logic Levels:           1  (OBUF=1)
  Clock Uncertainty:      0.025ns  ((TSJ^2 + TIJ^2)^1/2 + DJ) / 2 + PE
    Total System Jitter     (TSJ):    0.050ns
    Total Input Jitter      (TIJ):    0.000ns
    Discrete Jitter          (DJ):    0.000ns
    Phase Error              (PE):    0.000ns

    Location             Delay type                Incr(ns)  Path(ns)    Netlist Resource(s)
  -------------------------------------------------------------------    -------------------
                         (clock sys_clk rise edge)    0.000     0.000 r  
    M18                                               0.000     0.000 r  clk (IN)
                         net (fo=0)                   0.000     0.000    clk
    M18                  IBUF (Prop_ibuf_I_O)         0.938     0.938 r  clk_IBUF_inst/O
                         net (fo=1, routed)           1.972     2.910    clk_IBUF
    BUFGCTRL_X0Y0        BUFG (Prop_bufg_I_O)         0.096     3.006 r  clk_IBUF_BUFG_inst/O
                         net (fo=48, routed)          1.621     4.627    datapath/CLK
    SLICE_X0Y27          FDRE                                         r  datapath/accumulator_reg[15]/C
  -------------------------------------------------------------------    -------------------
    SLICE_X0Y27          FDRE (Prop_fdre_C_Q)         0.456     5.083 r  datapath/accumulator_reg[15]/Q
                         net (fo=2, routed)           1.877     6.960    product_OBUF[15]
    L18                  OBUF (Prop_obuf_I_O)         2.596     9.557 r  product_OBUF[15]_inst/O
                         net (fo=0)                   0.000     9.557    product[15]
    L18                                                               r  product[15] (OUT)
  -------------------------------------------------------------------    -------------------

Slack:                    inf
  Source:                 datapath/accumulator_reg[4]/C
                            (rising edge-triggered cell FDRE clocked by sys_clk  {rise@0.000ns fall@5.000ns period=10.000ns})
  Destination:            product[4]
                            (output port)
  Path Group:             (none)
  Path Type:              Max at Slow Process Corner
  Data Path Delay:        4.840ns  (logic 3.063ns (63.285%)  route 1.777ns (36.715%))
  Logic Levels:           1  (OBUF=1)
  Clock Uncertainty:      0.025ns  ((TSJ^2 + TIJ^2)^1/2 + DJ) / 2 + PE
    Total System Jitter     (TSJ):    0.050ns
    Total Input Jitter      (TIJ):    0.000ns
    Discrete Jitter          (DJ):    0.000ns
    Phase Error              (PE):    0.000ns

    Location             Delay type                Incr(ns)  Path(ns)    Netlist Resource(s)
  -------------------------------------------------------------------    -------------------
                         (clock sys_clk rise edge)    0.000     0.000 r  
    M18                                               0.000     0.000 r  clk (IN)
                         net (fo=0)                   0.000     0.000    clk
    M18                  IBUF (Prop_ibuf_I_O)         0.938     0.938 r  clk_IBUF_inst/O
                         net (fo=1, routed)           1.972     2.910    clk_IBUF
    BUFGCTRL_X0Y0        BUFG (Prop_bufg_I_O)         0.096     3.006 r  clk_IBUF_BUFG_inst/O
                         net (fo=48, routed)          1.618     4.624    datapath/CLK
    SLICE_X0Y25          FDRE                                         r  datapath/accumulator_reg[4]/C
  -------------------------------------------------------------------    -------------------
    SLICE_X0Y25          FDRE (Prop_fdre_C_Q)         0.456     5.080 r  datapath/accumulator_reg[4]/Q
                         net (fo=2, routed)           1.777     6.857    product_OBUF[4]
    P18                  OBUF (Prop_obuf_I_O)         2.607     9.464 r  product_OBUF[4]_inst/O
                         net (fo=0)                   0.000     9.464    product[4]
    P18                                                               r  product[4] (OUT)
  -------------------------------------------------------------------    -------------------

Slack:                    inf
  Source:                 datapath/accumulator_reg[0]/C
                            (rising edge-triggered cell FDRE clocked by sys_clk  {rise@0.000ns fall@5.000ns period=10.000ns})
  Destination:            product[0]
                            (output port)
  Path Group:             (none)
  Path Type:              Max at Slow Process Corner
  Data Path Delay:        4.807ns  (logic 3.058ns (63.613%)  route 1.749ns (36.387%))
  Logic Levels:           1  (OBUF=1)
  Clock Uncertainty:      0.025ns  ((TSJ^2 + TIJ^2)^1/2 + DJ) / 2 + PE
    Total System Jitter     (TSJ):    0.050ns
    Total Input Jitter      (TIJ):    0.000ns
    Discrete Jitter          (DJ):    0.000ns
    Phase Error              (PE):    0.000ns

    Location             Delay type                Incr(ns)  Path(ns)    Netlist Resource(s)
  -------------------------------------------------------------------    -------------------
                         (clock sys_clk rise edge)    0.000     0.000 r  
    M18                                               0.000     0.000 r  clk (IN)
                         net (fo=0)                   0.000     0.000    clk
    M18                  IBUF (Prop_ibuf_I_O)         0.938     0.938 r  clk_IBUF_inst/O
                         net (fo=1, routed)           1.972     2.910    clk_IBUF
    BUFGCTRL_X0Y0        BUFG (Prop_bufg_I_O)         0.096     3.006 r  clk_IBUF_BUFG_inst/O
                         net (fo=48, routed)          1.618     4.624    datapath/CLK
    SLICE_X0Y24          FDRE                                         r  datapath/accumulator_reg[0]/C
  -------------------------------------------------------------------    -------------------
    SLICE_X0Y24          FDRE (Prop_fdre_C_Q)         0.456     5.080 r  datapath/accumulator_reg[0]/Q
                         net (fo=2, routed)           1.749     6.829    product_OBUF[0]
    W18                  OBUF (Prop_obuf_I_O)         2.602     9.430 r  product_OBUF[0]_inst/O
                         net (fo=0)                   0.000     9.430    product[0]
    W18                                                               r  product[0] (OUT)
  -------------------------------------------------------------------    -------------------

Slack:                    inf
  Source:                 datapath/accumulator_reg[10]/C
                            (rising edge-triggered cell FDRE clocked by sys_clk  {rise@0.000ns fall@5.000ns period=10.000ns})
  Destination:            product[10]
                            (output port)
  Path Group:             (none)
  Path Type:              Max at Slow Process Corner
  Data Path Delay:        4.788ns  (logic 3.052ns (63.752%)  route 1.735ns (36.248%))
  Logic Levels:           1  (OBUF=1)
  Clock Uncertainty:      0.025ns  ((TSJ^2 + TIJ^2)^1/2 + DJ) / 2 + PE
    Total System Jitter     (TSJ):    0.050ns
    Total Input Jitter      (TIJ):    0.000ns
    Discrete Jitter          (DJ):    0.000ns
    Phase Error              (PE):    0.000ns

    Location             Delay type                Incr(ns)  Path(ns)    Netlist Resource(s)
  -------------------------------------------------------------------    -------------------
                         (clock sys_clk rise edge)    0.000     0.000 r  
    M18                                               0.000     0.000 r  clk (IN)
                         net (fo=0)                   0.000     0.000    clk
    M18                  IBUF (Prop_ibuf_I_O)         0.938     0.938 r  clk_IBUF_inst/O
                         net (fo=1, routed)           1.972     2.910    clk_IBUF
    BUFGCTRL_X0Y0        BUFG (Prop_bufg_I_O)         0.096     3.006 r  clk_IBUF_BUFG_inst/O
                         net (fo=48, routed)          1.620     4.626    datapath/CLK
    SLICE_X0Y26          FDRE                                         r  datapath/accumulator_reg[10]/C
  -------------------------------------------------------------------    -------------------
    SLICE_X0Y26          FDRE (Prop_fdre_C_Q)         0.456     5.082 r  datapath/accumulator_reg[10]/Q
                         net (fo=2, routed)           1.735     6.817    product_OBUF[10]
    R19                  OBUF (Prop_obuf_I_O)         2.596     9.414 r  product_OBUF[10]_inst/O
                         net (fo=0)                   0.000     9.414    product[10]
    R19                                                               r  product[10] (OUT)
  -------------------------------------------------------------------    -------------------

Slack:                    inf
  Source:                 datapath/accumulator_reg[1]/C
                            (rising edge-triggered cell FDRE clocked by sys_clk  {rise@0.000ns fall@5.000ns period=10.000ns})
  Destination:            product[1]
                            (output port)
  Path Group:             (none)
  Path Type:              Max at Slow Process Corner
  Data Path Delay:        4.785ns  (logic 3.058ns (63.914%)  route 1.727ns (36.086%))
  Logic Levels:           1  (OBUF=1)
  Clock Uncertainty:      0.025ns  ((TSJ^2 + TIJ^2)^1/2 + DJ) / 2 + PE
    Total System Jitter     (TSJ):    0.050ns
    Total Input Jitter      (TIJ):    0.000ns
    Discrete Jitter          (DJ):    0.000ns
    Phase Error              (PE):    0.000ns

    Location             Delay type                Incr(ns)  Path(ns)    Netlist Resource(s)
  -------------------------------------------------------------------    -------------------
                         (clock sys_clk rise edge)    0.000     0.000 r  
    M18                                               0.000     0.000 r  clk (IN)
                         net (fo=0)                   0.000     0.000    clk
    M18                  IBUF (Prop_ibuf_I_O)         0.938     0.938 r  clk_IBUF_inst/O
                         net (fo=1, routed)           1.972     2.910    clk_IBUF
    BUFGCTRL_X0Y0        BUFG (Prop_bufg_I_O)         0.096     3.006 r  clk_IBUF_BUFG_inst/O
                         net (fo=48, routed)          1.618     4.624    datapath/CLK
    SLICE_X0Y24          FDRE                                         r  datapath/accumulator_reg[1]/C
  -------------------------------------------------------------------    -------------------
    SLICE_X0Y24          FDRE (Prop_fdre_C_Q)         0.456     5.080 r  datapath/accumulator_reg[1]/Q
                         net (fo=2, routed)           1.727     6.806    product_OBUF[1]
    V19                  OBUF (Prop_obuf_I_O)         2.602     9.408 r  product_OBUF[1]_inst/O
                         net (fo=0)                   0.000     9.408    product[1]
    V19                                                               r  product[1] (OUT)
  -------------------------------------------------------------------    -------------------

Slack:                    inf
  Source:                 datapath/accumulator_reg[13]/C
                            (rising edge-triggered cell FDRE clocked by sys_clk  {rise@0.000ns fall@5.000ns period=10.000ns})
  Destination:            product[13]
                            (output port)
  Path Group:             (none)
  Path Type:              Max at Slow Process Corner
  Data Path Delay:        4.781ns  (logic 3.044ns (63.681%)  route 1.736ns (36.319%))
  Logic Levels:           1  (OBUF=1)
  Clock Uncertainty:      0.025ns  ((TSJ^2 + TIJ^2)^1/2 + DJ) / 2 + PE
    Total System Jitter     (TSJ):    0.050ns
    Total Input Jitter      (TIJ):    0.000ns
    Discrete Jitter          (DJ):    0.000ns
    Phase Error              (PE):    0.000ns

    Location             Delay type                Incr(ns)  Path(ns)    Netlist Resource(s)
  -------------------------------------------------------------------    -------------------
                         (clock sys_clk rise edge)    0.000     0.000 r  
    M18                                               0.000     0.000 r  clk (IN)
                         net (fo=0)                   0.000     0.000    clk
    M18                  IBUF (Prop_ibuf_I_O)         0.938     0.938 r  clk_IBUF_inst/O
                         net (fo=1, routed)           1.972     2.910    clk_IBUF
    BUFGCTRL_X0Y0        BUFG (Prop_bufg_I_O)         0.096     3.006 r  clk_IBUF_BUFG_inst/O
                         net (fo=48, routed)          1.621     4.627    datapath/CLK
    SLICE_X0Y27          FDRE                                         r  datapath/accumulator_reg[13]/C
  -------------------------------------------------------------------    -------------------
    SLICE_X0Y27          FDRE (Prop_fdre_C_Q)         0.456     5.083 r  datapath/accumulator_reg[13]/Q
                         net (fo=2, routed)           1.736     6.819    product_OBUF[13]
    N18                  OBUF (Prop_obuf_I_O)         2.588     9.407 r  product_OBUF[13]_inst/O
                         net (fo=0)                   0.000     9.407    product[13]
    N18                                                               r  product[13] (OUT)
  -------------------------------------------------------------------    -------------------





Min Delay Paths
--------------------------------------------------------------------------------------
Slack:                    inf
  Source:                 datapath/accumulator_reg[8]/C
                            (rising edge-triggered cell FDRE clocked by sys_clk  {rise@0.000ns fall@5.000ns period=10.000ns})
  Destination:            product[8]
                            (output port)
  Path Group:             (none)
  Path Type:              Min at Fast Process Corner
  Data Path Delay:        1.579ns  (logic 1.282ns (81.176%)  route 0.297ns (18.824%))
  Logic Levels:           1  (OBUF=1)
  Clock Uncertainty:      0.025ns  ((TSJ^2 + TIJ^2)^1/2 + DJ) / 2 + PE
    Total System Jitter     (TSJ):    0.050ns
    Total Input Jitter      (TIJ):    0.000ns
    Discrete Jitter          (DJ):    0.000ns
    Phase Error              (PE):    0.000ns

    Location             Delay type                Incr(ns)  Path(ns)    Netlist Resource(s)
  -------------------------------------------------------------------    -------------------
                         (clock sys_clk rise edge)    0.000     0.000 r  
    M18                                               0.000     0.000 r  clk (IN)
                         net (fo=0)                   0.000     0.000    clk
    M18                  IBUF (Prop_ibuf_I_O)         0.167     0.167 r  clk_IBUF_inst/O
                         net (fo=1, routed)           0.634     0.801    clk_IBUF
    BUFGCTRL_X0Y0        BUFG (Prop_bufg_I_O)         0.026     0.827 r  clk_IBUF_BUFG_inst/O
                         net (fo=48, routed)          0.583     1.410    datapath/CLK
    SLICE_X0Y26          FDRE                                         r  datapath/accumulator_reg[8]/C
  -------------------------------------------------------------------    -------------------
    SLICE_X0Y26          FDRE (Prop_fdre_C_Q)         0.141     1.551 r  datapath/accumulator_reg[8]/Q
                         net (fo=2, routed)           0.297     1.848    product_OBUF[8]
    L17                  OBUF (Prop_obuf_I_O)         1.141     2.989 r  product_OBUF[8]_inst/O
                         net (fo=0)                   0.000     2.989    product[8]
    L17                                                               r  product[8] (OUT)
  -------------------------------------------------------------------    -------------------

Slack:                    inf
  Source:                 datapath/accumulator_reg[9]/C
                            (rising edge-triggered cell FDRE clocked by sys_clk  {rise@0.000ns fall@5.000ns period=10.000ns})
  Destination:            product[9]
                            (output port)
  Path Group:             (none)
  Path Type:              Min at Fast Process Corner
  Data Path Delay:        1.608ns  (logic 1.270ns (78.983%)  route 0.338ns (21.017%))
  Logic Levels:           1  (OBUF=1)
  Clock Uncertainty:      0.025ns  ((TSJ^2 + TIJ^2)^1/2 + DJ) / 2 + PE
    Total System Jitter     (TSJ):    0.050ns
    Total Input Jitter      (TIJ):    0.000ns
    Discrete Jitter          (DJ):    0.000ns
    Phase Error              (PE):    0.000ns

    Location             Delay type                Incr(ns)  Path(ns)    Netlist Resource(s)
  -------------------------------------------------------------------    -------------------
                         (clock sys_clk rise edge)    0.000     0.000 r  
    M18                                               0.000     0.000 r  clk (IN)
                         net (fo=0)                   0.000     0.000    clk
    M18                  IBUF (Prop_ibuf_I_O)         0.167     0.167 r  clk_IBUF_inst/O
                         net (fo=1, routed)           0.634     0.801    clk_IBUF
    BUFGCTRL_X0Y0        BUFG (Prop_bufg_I_O)         0.026     0.827 r  clk_IBUF_BUFG_inst/O
                         net (fo=48, routed)          0.583     1.410    datapath/CLK
    SLICE_X0Y26          FDRE                                         r  datapath/accumulator_reg[9]/C
  -------------------------------------------------------------------    -------------------
    SLICE_X0Y26          FDRE (Prop_fdre_C_Q)         0.141     1.551 r  datapath/accumulator_reg[9]/Q
                         net (fo=2, routed)           0.338     1.889    product_OBUF[9]
    M19                  OBUF (Prop_obuf_I_O)         1.129     3.018 r  product_OBUF[9]_inst/O
                         net (fo=0)                   0.000     3.018    product[9]
    M19                                                               r  product[9] (OUT)
  -------------------------------------------------------------------    -------------------

Slack:                    inf
  Source:                 datapath/accumulator_reg[6]/C
                            (rising edge-triggered cell FDRE clocked by sys_clk  {rise@0.000ns fall@5.000ns period=10.000ns})
  Destination:            product[6]
                            (output port)
  Path Group:             (none)
  Path Type:              Min at Fast Process Corner
  Data Path Delay:        1.612ns  (logic 1.244ns (77.134%)  route 0.369ns (22.866%))
  Logic Levels:           1  (OBUF=1)
  Clock Uncertainty:      0.025ns  ((TSJ^2 + TIJ^2)^1/2 + DJ) / 2 + PE
    Total System Jitter     (TSJ):    0.050ns
    Total Input Jitter      (TIJ):    0.000ns
    Discrete Jitter          (DJ):    0.000ns
    Phase Error              (PE):    0.000ns

    Location             Delay type                Incr(ns)  Path(ns)    Netlist Resource(s)
  -------------------------------------------------------------------    -------------------
                         (clock sys_clk rise edge)    0.000     0.000 r  
    M18                                               0.000     0.000 r  clk (IN)
                         net (fo=0)                   0.000     0.000    clk
    M18                  IBUF (Prop_ibuf_I_O)         0.167     0.167 r  clk_IBUF_inst/O
                         net (fo=1, routed)           0.634     0.801    clk_IBUF
    BUFGCTRL_X0Y0        BUFG (Prop_bufg_I_O)         0.026     0.827 r  clk_IBUF_BUFG_inst/O
                         net (fo=48, routed)          0.582     1.409    datapath/CLK
    SLICE_X0Y25          FDRE                                         r  datapath/accumulator_reg[6]/C
  -------------------------------------------------------------------    -------------------
    SLICE_X0Y25          FDRE (Prop_fdre_C_Q)         0.141     1.550 r  datapath/accumulator_reg[6]/Q
                         net (fo=2, routed)           0.369     1.919    product_OBUF[6]
    N17                  OBUF (Prop_obuf_I_O)         1.103     3.021 r  product_OBUF[6]_inst/O
                         net (fo=0)                   0.000     3.021    product[6]
    N17                                                               r  product[6] (OUT)
  -------------------------------------------------------------------    -------------------

Slack:                    inf
  Source:                 datapath/accumulator_reg[13]/C
                            (rising edge-triggered cell FDRE clocked by sys_clk  {rise@0.000ns fall@5.000ns period=10.000ns})
  Destination:            product[13]
                            (output port)
  Path Group:             (none)
  Path Type:              Min at Fast Process Corner
  Data Path Delay:        1.610ns  (logic 1.247ns (77.434%)  route 0.363ns (22.566%))
  Logic Levels:           1  (OBUF=1)
  Clock Uncertainty:      0.025ns  ((TSJ^2 + TIJ^2)^1/2 + DJ) / 2 + PE
    Total System Jitter     (TSJ):    0.050ns
    Total Input Jitter      (TIJ):    0.000ns
    Discrete Jitter          (DJ):    0.000ns
    Phase Error              (PE):    0.000ns

    Location             Delay type                Incr(ns)  Path(ns)    Netlist Resource(s)
  -------------------------------------------------------------------    -------------------
                         (clock sys_clk rise edge)    0.000     0.000 r  
    M18                                               0.000     0.000 r  clk (IN)
                         net (fo=0)                   0.000     0.000    clk
    M18                  IBUF (Prop_ibuf_I_O)         0.167     0.167 r  clk_IBUF_inst/O
                         net (fo=1, routed)           0.634     0.801    clk_IBUF
    BUFGCTRL_X0Y0        BUFG (Prop_bufg_I_O)         0.026     0.827 r  clk_IBUF_BUFG_inst/O
                         net (fo=48, routed)          0.585     1.412    datapath/CLK
    SLICE_X0Y27          FDRE                                         r  datapath/accumulator_reg[13]/C
  -------------------------------------------------------------------    -------------------
    SLICE_X0Y27          FDRE (Prop_fdre_C_Q)         0.141     1.553 r  datapath/accumulator_reg[13]/Q
                         net (fo=2, routed)           0.363     1.916    product_OBUF[13]
    N18                  OBUF (Prop_obuf_I_O)         1.106     3.022 r  product_OBUF[13]_inst/O
                         net (fo=0)                   0.000     3.022    product[13]
    N18                                                               r  product[13] (OUT)
  -------------------------------------------------------------------    -------------------

Slack:                    inf
  Source:                 datapath/accumulator_reg[5]/C
                            (rising edge-triggered cell FDRE clocked by sys_clk  {rise@0.000ns fall@5.000ns period=10.000ns})
  Destination:            product[5]
                            (output port)
  Path Group:             (none)
  Path Type:              Min at Fast Process Corner
  Data Path Delay:        1.616ns  (logic 1.248ns (77.242%)  route 0.368ns (22.758%))
  Logic Levels:           1  (OBUF=1)
  Clock Uncertainty:      0.025ns  ((TSJ^2 + TIJ^2)^1/2 + DJ) / 2 + PE
    Total System Jitter     (TSJ):    0.050ns
    Total Input Jitter      (TIJ):    0.000ns
    Discrete Jitter          (DJ):    0.000ns
    Phase Error              (PE):    0.000ns

    Location             Delay type                Incr(ns)  Path(ns)    Netlist Resource(s)
  -------------------------------------------------------------------    -------------------
                         (clock sys_clk rise edge)    0.000     0.000 r  
    M18                                               0.000     0.000 r  clk (IN)
                         net (fo=0)                   0.000     0.000    clk
    M18                  IBUF (Prop_ibuf_I_O)         0.167     0.167 r  clk_IBUF_inst/O
                         net (fo=1, routed)           0.634     0.801    clk_IBUF
    BUFGCTRL_X0Y0        BUFG (Prop_bufg_I_O)         0.026     0.827 r  clk_IBUF_BUFG_inst/O
                         net (fo=48, routed)          0.582     1.409    datapath/CLK
    SLICE_X0Y25          FDRE                                         r  datapath/accumulator_reg[5]/C
  -------------------------------------------------------------------    -------------------
    SLICE_X0Y25          FDRE (Prop_fdre_C_Q)         0.141     1.550 r  datapath/accumulator_reg[5]/Q
                         net (fo=2, routed)           0.368     1.917    product_OBUF[5]
    P17                  OBUF (Prop_obuf_I_O)         1.107     3.024 r  product_OBUF[5]_inst/O
                         net (fo=0)                   0.000     3.024    product[5]
    P17                                                               r  product[5] (OUT)
  -------------------------------------------------------------------    -------------------

Slack:                    inf
  Source:                 datapath/accumulator_reg[11]/C
                            (rising edge-triggered cell FDRE clocked by sys_clk  {rise@0.000ns fall@5.000ns period=10.000ns})
  Destination:            product[11]
                            (output port)
  Path Group:             (none)
  Path Type:              Min at Fast Process Corner
  Data Path Delay:        1.615ns  (logic 1.248ns (77.268%)  route 0.367ns (22.732%))
  Logic Levels:           1  (OBUF=1)
  Clock Uncertainty:      0.025ns  ((TSJ^2 + TIJ^2)^1/2 + DJ) / 2 + PE
    Total System Jitter     (TSJ):    0.050ns
    Total Input Jitter      (TIJ):    0.000ns
    Discrete Jitter          (DJ):    0.000ns
    Phase Error              (PE):    0.000ns

    Location             Delay type                Incr(ns)  Path(ns)    Netlist Resource(s)
  -------------------------------------------------------------------    -------------------
                         (clock sys_clk rise edge)    0.000     0.000 r  
    M18                                               0.000     0.000 r  clk (IN)
                         net (fo=0)                   0.000     0.000    clk
    M18                  IBUF (Prop_ibuf_I_O)         0.167     0.167 r  clk_IBUF_inst/O
                         net (fo=1, routed)           0.634     0.801    clk_IBUF
    BUFGCTRL_X0Y0        BUFG (Prop_bufg_I_O)         0.026     0.827 r  clk_IBUF_BUFG_inst/O
                         net (fo=48, routed)          0.583     1.410    datapath/CLK
    SLICE_X0Y26          FDRE                                         r  datapath/accumulator_reg[11]/C
  -------------------------------------------------------------------    -------------------
    SLICE_X0Y26          FDRE (Prop_fdre_C_Q)         0.141     1.551 r  datapath/accumulator_reg[11]/Q
                         net (fo=2, routed)           0.367     1.918    product_OBUF[11]
    P19                  OBUF (Prop_obuf_I_O)         1.107     3.025 r  product_OBUF[11]_inst/O
                         net (fo=0)                   0.000     3.025    product[11]
    P19                                                               r  product[11] (OUT)
  -------------------------------------------------------------------    -------------------

Slack:                    inf
  Source:                 datapath/accumulator_reg[2]/C
                            (rising edge-triggered cell FDRE clocked by sys_clk  {rise@0.000ns fall@5.000ns period=10.000ns})
  Destination:            product[2]
                            (output port)
  Path Group:             (none)
  Path Type:              Min at Fast Process Corner
  Data Path Delay:        1.620ns  (logic 1.252ns (77.280%)  route 0.368ns (22.720%))
  Logic Levels:           1  (OBUF=1)
  Clock Uncertainty:      0.025ns  ((TSJ^2 + TIJ^2)^1/2 + DJ) / 2 + PE
    Total System Jitter     (TSJ):    0.050ns
    Total Input Jitter      (TIJ):    0.000ns
    Discrete Jitter          (DJ):    0.000ns
    Phase Error              (PE):    0.000ns

    Location             Delay type                Incr(ns)  Path(ns)    Netlist Resource(s)
  -------------------------------------------------------------------    -------------------
                         (clock sys_clk rise edge)    0.000     0.000 r  
    M18                                               0.000     0.000 r  clk (IN)
                         net (fo=0)                   0.000     0.000    clk
    M18                  IBUF (Prop_ibuf_I_O)         0.167     0.167 r  clk_IBUF_inst/O
                         net (fo=1, routed)           0.634     0.801    clk_IBUF
    BUFGCTRL_X0Y0        BUFG (Prop_bufg_I_O)         0.026     0.827 r  clk_IBUF_BUFG_inst/O
                         net (fo=48, routed)          0.582     1.409    datapath/CLK
    SLICE_X0Y24          FDRE                                         r  datapath/accumulator_reg[2]/C
  -------------------------------------------------------------------    -------------------
    SLICE_X0Y24          FDRE (Prop_fdre_C_Q)         0.141     1.550 r  datapath/accumulator_reg[2]/Q
                         net (fo=2, routed)           0.368     1.918    product_OBUF[2]
    U19                  OBUF (Prop_obuf_I_O)         1.111     3.029 r  product_OBUF[2]_inst/O
                         net (fo=0)                   0.000     3.029    product[2]
    U19                                                               r  product[2] (OUT)
  -------------------------------------------------------------------    -------------------

Slack:                    inf
  Source:                 datapath/accumulator_reg[10]/C
                            (rising edge-triggered cell FDRE clocked by sys_clk  {rise@0.000ns fall@5.000ns period=10.000ns})
  Destination:            product[10]
                            (output port)
  Path Group:             (none)
  Path Type:              Min at Fast Process Corner
  Data Path Delay:        1.621ns  (logic 1.254ns (77.391%)  route 0.366ns (22.609%))
  Logic Levels:           1  (OBUF=1)
  Clock Uncertainty:      0.025ns  ((TSJ^2 + TIJ^2)^1/2 + DJ) / 2 + PE
    Total System Jitter     (TSJ):    0.050ns
    Total Input Jitter      (TIJ):    0.000ns
    Discrete Jitter          (DJ):    0.000ns
    Phase Error              (PE):    0.000ns

    Location             Delay type                Incr(ns)  Path(ns)    Netlist Resource(s)
  -------------------------------------------------------------------    -------------------
                         (clock sys_clk rise edge)    0.000     0.000 r  
    M18                                               0.000     0.000 r  clk (IN)
                         net (fo=0)                   0.000     0.000    clk
    M18                  IBUF (Prop_ibuf_I_O)         0.167     0.167 r  clk_IBUF_inst/O
                         net (fo=1, routed)           0.634     0.801    clk_IBUF
    BUFGCTRL_X0Y0        BUFG (Prop_bufg_I_O)         0.026     0.827 r  clk_IBUF_BUFG_inst/O
                         net (fo=48, routed)          0.583     1.410    datapath/CLK
    SLICE_X0Y26          FDRE                                         r  datapath/accumulator_reg[10]/C
  -------------------------------------------------------------------    -------------------
    SLICE_X0Y26          FDRE (Prop_fdre_C_Q)         0.141     1.551 r  datapath/accumulator_reg[10]/Q
                         net (fo=2, routed)           0.366     1.917    product_OBUF[10]
    R19                  OBUF (Prop_obuf_I_O)         1.113     3.031 r  product_OBUF[10]_inst/O
                         net (fo=0)                   0.000     3.031    product[10]
    R19                                                               r  product[10] (OUT)
  -------------------------------------------------------------------    -------------------

Slack:                    inf
  Source:                 datapath/accumulator_reg[12]/C
                            (rising edge-triggered cell FDRE clocked by sys_clk  {rise@0.000ns fall@5.000ns period=10.000ns})
  Destination:            product[12]
                            (output port)
  Path Group:             (none)
  Path Type:              Min at Fast Process Corner
  Data Path Delay:        1.621ns  (logic 1.254ns (77.362%)  route 0.367ns (22.638%))
  Logic Levels:           1  (OBUF=1)
  Clock Uncertainty:      0.025ns  ((TSJ^2 + TIJ^2)^1/2 + DJ) / 2 + PE
    Total System Jitter     (TSJ):    0.050ns
    Total Input Jitter      (TIJ):    0.000ns
    Discrete Jitter          (DJ):    0.000ns
    Phase Error              (PE):    0.000ns

    Location             Delay type                Incr(ns)  Path(ns)    Netlist Resource(s)
  -------------------------------------------------------------------    -------------------
                         (clock sys_clk rise edge)    0.000     0.000 r  
    M18                                               0.000     0.000 r  clk (IN)
                         net (fo=0)                   0.000     0.000    clk
    M18                  IBUF (Prop_ibuf_I_O)         0.167     0.167 r  clk_IBUF_inst/O
                         net (fo=1, routed)           0.634     0.801    clk_IBUF
    BUFGCTRL_X0Y0        BUFG (Prop_bufg_I_O)         0.026     0.827 r  clk_IBUF_BUFG_inst/O
                         net (fo=48, routed)          0.585     1.412    datapath/CLK
    SLICE_X0Y27          FDRE                                         r  datapath/accumulator_reg[12]/C
  -------------------------------------------------------------------    -------------------
    SLICE_X0Y27          FDRE (Prop_fdre_C_Q)         0.141     1.553 r  datapath/accumulator_reg[12]/Q
                         net (fo=2, routed)           0.367     1.920    product_OBUF[12]
    N19                  OBUF (Prop_obuf_I_O)         1.113     3.032 r  product_OBUF[12]_inst/O
                         net (fo=0)                   0.000     3.032    product[12]
    N19                                                               r  product[12] (OUT)
  -------------------------------------------------------------------    -------------------

Slack:                    inf
  Source:                 datapath/accumulator_reg[1]/C
                            (rising edge-triggered cell FDRE clocked by sys_clk  {rise@0.000ns fall@5.000ns period=10.000ns})
  Destination:            product[1]
                            (output port)
  Path Group:             (none)
  Path Type:              Min at Fast Process Corner
  Data Path Delay:        1.631ns  (logic 1.260ns (77.276%)  route 0.371ns (22.724%))
  Logic Levels:           1  (OBUF=1)
  Clock Uncertainty:      0.025ns  ((TSJ^2 + TIJ^2)^1/2 + DJ) / 2 + PE
    Total System Jitter     (TSJ):    0.050ns
    Total Input Jitter      (TIJ):    0.000ns
    Discrete Jitter          (DJ):    0.000ns
    Phase Error              (PE):    0.000ns

    Location             Delay type                Incr(ns)  Path(ns)    Netlist Resource(s)
  -------------------------------------------------------------------    -------------------
                         (clock sys_clk rise edge)    0.000     0.000 r  
    M18                                               0.000     0.000 r  clk (IN)
                         net (fo=0)                   0.000     0.000    clk
    M18                  IBUF (Prop_ibuf_I_O)         0.167     0.167 r  clk_IBUF_inst/O
                         net (fo=1, routed)           0.634     0.801    clk_IBUF
    BUFGCTRL_X0Y0        BUFG (Prop_bufg_I_O)         0.026     0.827 r  clk_IBUF_BUFG_inst/O
                         net (fo=48, routed)          0.582     1.409    datapath/CLK
    SLICE_X0Y24          FDRE                                         r  datapath/accumulator_reg[1]/C
  -------------------------------------------------------------------    -------------------
    SLICE_X0Y24          FDRE (Prop_fdre_C_Q)         0.141     1.550 r  datapath/accumulator_reg[1]/Q
                         net (fo=2, routed)           0.371     1.920    product_OBUF[1]
    V19                  OBUF (Prop_obuf_I_O)         1.119     3.039 r  product_OBUF[1]_inst/O
                         net (fo=0)                   0.000     3.039    product[1]
    V19                                                               r  product[1] (OUT)
  -------------------------------------------------------------------    -------------------





--------------------------------------------------------------------------------------
Path Group:  (none)
From Clock:  
  To Clock:  sys_clk

Max Delay            68 Endpoints
Min Delay            68 Endpoints
--------------------------------------------------------------------------------------


Max Delay Paths
--------------------------------------------------------------------------------------
Slack:                    inf
  Source:                 rst
                            (input port)
  Destination:            datapath/multiplicand_reg[10]/R
                            (rising edge-triggered cell FDRE clocked by sys_clk  {rise@0.000ns fall@5.000ns period=10.000ns})
  Path Group:             (none)
  Path Type:              Setup (Max at Slow Process Corner)
  Data Path Delay:        3.704ns  (logic 1.060ns (28.618%)  route 2.644ns (71.382%))
  Logic Levels:           2  (IBUF=1 LUT2=1)
  Clock Path Skew:        4.268ns (DCD - SCD + CPR)
    Destination Clock Delay (DCD):    4.268ns
    Source Clock Delay      (SCD):    0.000ns
    Clock Pessimism Removal (CPR):    0.000ns
  Clock Uncertainty:      0.025ns  ((TSJ^2 + TIJ^2)^1/2 + DJ) / 2 + PE
    Total System Jitter     (TSJ):    0.050ns
    Total Input Jitter      (TIJ):    0.000ns
    Discrete Jitter          (DJ):    0.000ns
    Phase Error              (PE):    0.000ns

    Location             Delay type                Incr(ns)  Path(ns)    Netlist Resource(s)
  -------------------------------------------------------------------    -------------------
    T17                                               0.000     0.000 r  rst (IN)
                         net (fo=0)                   0.000     0.000    rst
    T17                  IBUF (Prop_ibuf_I_O)         0.936     0.936 r  rst_IBUF_inst/O
                         net (fo=22, routed)          1.762     2.698    controller/SR[0]
    SLICE_X1Y22          LUT2 (Prop_lut2_I1_O)        0.124     2.822 r  controller/multiplicand[15]_i_1/O
                         net (fo=8, routed)           0.882     3.704    datapath/SR[1]
    SLICE_X1Y26          FDRE                                         r  datapath/multiplicand_reg[10]/R
  -------------------------------------------------------------------    -------------------

                         (clock sys_clk rise edge)    0.000     0.000 r  
    M18                                               0.000     0.000 r  clk (IN)
                         net (fo=0)                   0.000     0.000    clk
    M18                  IBUF (Prop_ibuf_I_O)         0.805     0.805 r  clk_IBUF_inst/O
                         net (fo=1, routed)           1.868     2.673    clk_IBUF
    BUFGCTRL_X0Y0        BUFG (Prop_bufg_I_O)         0.091     2.764 r  clk_IBUF_BUFG_inst/O
                         net (fo=48, routed)          1.504     4.268    datapath/CLK
    SLICE_X1Y26          FDRE                                         r  datapath/multiplicand_reg[10]/C

Slack:                    inf
  Source:                 rst
                            (input port)
  Destination:            datapath/multiplicand_reg[11]/R
                            (rising edge-triggered cell FDRE clocked by sys_clk  {rise@0.000ns fall@5.000ns period=10.000ns})
  Path Group:             (none)
  Path Type:              Setup (Max at Slow Process Corner)
  Data Path Delay:        3.704ns  (logic 1.060ns (28.618%)  route 2.644ns (71.382%))
  Logic Levels:           2  (IBUF=1 LUT2=1)
  Clock Path Skew:        4.268ns (DCD - SCD + CPR)
    Destination Clock Delay (DCD):    4.268ns
    Source Clock Delay      (SCD):    0.000ns
    Clock Pessimism Removal (CPR):    0.000ns
  Clock Uncertainty:      0.025ns  ((TSJ^2 + TIJ^2)^1/2 + DJ) / 2 + PE
    Total System Jitter     (TSJ):    0.050ns
    Total Input Jitter      (TIJ):    0.000ns
    Discrete Jitter          (DJ):    0.000ns
    Phase Error              (PE):    0.000ns

    Location             Delay type                Incr(ns)  Path(ns)    Netlist Resource(s)
  -------------------------------------------------------------------    -------------------
    T17                                               0.000     0.000 r  rst (IN)
                         net (fo=0)                   0.000     0.000    rst
    T17                  IBUF (Prop_ibuf_I_O)         0.936     0.936 r  rst_IBUF_inst/O
                         net (fo=22, routed)          1.762     2.698    controller/SR[0]
    SLICE_X1Y22          LUT2 (Prop_lut2_I1_O)        0.124     2.822 r  controller/multiplicand[15]_i_1/O
                         net (fo=8, routed)           0.882     3.704    datapath/SR[1]
    SLICE_X1Y26          FDRE                                         r  datapath/multiplicand_reg[11]/R
  -------------------------------------------------------------------    -------------------

                         (clock sys_clk rise edge)    0.000     0.000 r  
    M18                                               0.000     0.000 r  clk (IN)
                         net (fo=0)                   0.000     0.000    clk
    M18                  IBUF (Prop_ibuf_I_O)         0.805     0.805 r  clk_IBUF_inst/O
                         net (fo=1, routed)           1.868     2.673    clk_IBUF
    BUFGCTRL_X0Y0        BUFG (Prop_bufg_I_O)         0.091     2.764 r  clk_IBUF_BUFG_inst/O
                         net (fo=48, routed)          1.504     4.268    datapath/CLK
    SLICE_X1Y26          FDRE                                         r  datapath/multiplicand_reg[11]/C

Slack:                    inf
  Source:                 rst
                            (input port)
  Destination:            datapath/multiplicand_reg[12]/R
                            (rising edge-triggered cell FDRE clocked by sys_clk  {rise@0.000ns fall@5.000ns period=10.000ns})
  Path Group:             (none)
  Path Type:              Setup (Max at Slow Process Corner)
  Data Path Delay:        3.704ns  (logic 1.060ns (28.618%)  route 2.644ns (71.382%))
  Logic Levels:           2  (IBUF=1 LUT2=1)
  Clock Path Skew:        4.268ns (DCD - SCD + CPR)
    Destination Clock Delay (DCD):    4.268ns
    Source Clock Delay      (SCD):    0.000ns
    Clock Pessimism Removal (CPR):    0.000ns
  Clock Uncertainty:      0.025ns  ((TSJ^2 + TIJ^2)^1/2 + DJ) / 2 + PE
    Total System Jitter     (TSJ):    0.050ns
    Total Input Jitter      (TIJ):    0.000ns
    Discrete Jitter          (DJ):    0.000ns
    Phase Error              (PE):    0.000ns

    Location             Delay type                Incr(ns)  Path(ns)    Netlist Resource(s)
  -------------------------------------------------------------------    -------------------
    T17                                               0.000     0.000 r  rst (IN)
                         net (fo=0)                   0.000     0.000    rst
    T17                  IBUF (Prop_ibuf_I_O)         0.936     0.936 r  rst_IBUF_inst/O
                         net (fo=22, routed)          1.762     2.698    controller/SR[0]
    SLICE_X1Y22          LUT2 (Prop_lut2_I1_O)        0.124     2.822 r  controller/multiplicand[15]_i_1/O
                         net (fo=8, routed)           0.882     3.704    datapath/SR[1]
    SLICE_X1Y26          FDRE                                         r  datapath/multiplicand_reg[12]/R
  -------------------------------------------------------------------    -------------------

                         (clock sys_clk rise edge)    0.000     0.000 r  
    M18                                               0.000     0.000 r  clk (IN)
                         net (fo=0)                   0.000     0.000    clk
    M18                  IBUF (Prop_ibuf_I_O)         0.805     0.805 r  clk_IBUF_inst/O
                         net (fo=1, routed)           1.868     2.673    clk_IBUF
    BUFGCTRL_X0Y0        BUFG (Prop_bufg_I_O)         0.091     2.764 r  clk_IBUF_BUFG_inst/O
                         net (fo=48, routed)          1.504     4.268    datapath/CLK
    SLICE_X1Y26          FDRE                                         r  datapath/multiplicand_reg[12]/C

Slack:                    inf
  Source:                 rst
                            (input port)
  Destination:            datapath/multiplicand_reg[13]/R
                            (rising edge-triggered cell FDRE clocked by sys_clk  {rise@0.000ns fall@5.000ns period=10.000ns})
  Path Group:             (none)
  Path Type:              Setup (Max at Slow Process Corner)
  Data Path Delay:        3.704ns  (logic 1.060ns (28.618%)  route 2.644ns (71.382%))
  Logic Levels:           2  (IBUF=1 LUT2=1)
  Clock Path Skew:        4.268ns (DCD - SCD + CPR)
    Destination Clock Delay (DCD):    4.268ns
    Source Clock Delay      (SCD):    0.000ns
    Clock Pessimism Removal (CPR):    0.000ns
  Clock Uncertainty:      0.025ns  ((TSJ^2 + TIJ^2)^1/2 + DJ) / 2 + PE
    Total System Jitter     (TSJ):    0.050ns
    Total Input Jitter      (TIJ):    0.000ns
    Discrete Jitter          (DJ):    0.000ns
    Phase Error              (PE):    0.000ns

    Location             Delay type                Incr(ns)  Path(ns)    Netlist Resource(s)
  -------------------------------------------------------------------    -------------------
    T17                                               0.000     0.000 r  rst (IN)
                         net (fo=0)                   0.000     0.000    rst
    T17                  IBUF (Prop_ibuf_I_O)         0.936     0.936 r  rst_IBUF_inst/O
                         net (fo=22, routed)          1.762     2.698    controller/SR[0]
    SLICE_X1Y22          LUT2 (Prop_lut2_I1_O)        0.124     2.822 r  controller/multiplicand[15]_i_1/O
                         net (fo=8, routed)           0.882     3.704    datapath/SR[1]
    SLICE_X1Y26          FDRE                                         r  datapath/multiplicand_reg[13]/R
  -------------------------------------------------------------------    -------------------

                         (clock sys_clk rise edge)    0.000     0.000 r  
    M18                                               0.000     0.000 r  clk (IN)
                         net (fo=0)                   0.000     0.000    clk
    M18                  IBUF (Prop_ibuf_I_O)         0.805     0.805 r  clk_IBUF_inst/O
                         net (fo=1, routed)           1.868     2.673    clk_IBUF
    BUFGCTRL_X0Y0        BUFG (Prop_bufg_I_O)         0.091     2.764 r  clk_IBUF_BUFG_inst/O
                         net (fo=48, routed)          1.504     4.268    datapath/CLK
    SLICE_X1Y26          FDRE                                         r  datapath/multiplicand_reg[13]/C

Slack:                    inf
  Source:                 rst
                            (input port)
  Destination:            datapath/multiplicand_reg[14]/R
                            (rising edge-triggered cell FDRE clocked by sys_clk  {rise@0.000ns fall@5.000ns period=10.000ns})
  Path Group:             (none)
  Path Type:              Setup (Max at Slow Process Corner)
  Data Path Delay:        3.704ns  (logic 1.060ns (28.618%)  route 2.644ns (71.382%))
  Logic Levels:           2  (IBUF=1 LUT2=1)
  Clock Path Skew:        4.268ns (DCD - SCD + CPR)
    Destination Clock Delay (DCD):    4.268ns
    Source Clock Delay      (SCD):    0.000ns
    Clock Pessimism Removal (CPR):    0.000ns
  Clock Uncertainty:      0.025ns  ((TSJ^2 + TIJ^2)^1/2 + DJ) / 2 + PE
    Total System Jitter     (TSJ):    0.050ns
    Total Input Jitter      (TIJ):    0.000ns
    Discrete Jitter          (DJ):    0.000ns
    Phase Error              (PE):    0.000ns

    Location             Delay type                Incr(ns)  Path(ns)    Netlist Resource(s)
  -------------------------------------------------------------------    -------------------
    T17                                               0.000     0.000 r  rst (IN)
                         net (fo=0)                   0.000     0.000    rst
    T17                  IBUF (Prop_ibuf_I_O)         0.936     0.936 r  rst_IBUF_inst/O
                         net (fo=22, routed)          1.762     2.698    controller/SR[0]
    SLICE_X1Y22          LUT2 (Prop_lut2_I1_O)        0.124     2.822 r  controller/multiplicand[15]_i_1/O
                         net (fo=8, routed)           0.882     3.704    datapath/SR[1]
    SLICE_X1Y26          FDRE                                         r  datapath/multiplicand_reg[14]/R
  -------------------------------------------------------------------    -------------------

                         (clock sys_clk rise edge)    0.000     0.000 r  
    M18                                               0.000     0.000 r  clk (IN)
                         net (fo=0)                   0.000     0.000    clk
    M18                  IBUF (Prop_ibuf_I_O)         0.805     0.805 r  clk_IBUF_inst/O
                         net (fo=1, routed)           1.868     2.673    clk_IBUF
    BUFGCTRL_X0Y0        BUFG (Prop_bufg_I_O)         0.091     2.764 r  clk_IBUF_BUFG_inst/O
                         net (fo=48, routed)          1.504     4.268    datapath/CLK
    SLICE_X1Y26          FDRE                                         r  datapath/multiplicand_reg[14]/C

Slack:                    inf
  Source:                 rst
                            (input port)
  Destination:            datapath/multiplicand_reg[15]/R
                            (rising edge-triggered cell FDRE clocked by sys_clk  {rise@0.000ns fall@5.000ns period=10.000ns})
  Path Group:             (none)
  Path Type:              Setup (Max at Slow Process Corner)
  Data Path Delay:        3.704ns  (logic 1.060ns (28.618%)  route 2.644ns (71.382%))
  Logic Levels:           2  (IBUF=1 LUT2=1)
  Clock Path Skew:        4.268ns (DCD - SCD + CPR)
    Destination Clock Delay (DCD):    4.268ns
    Source Clock Delay      (SCD):    0.000ns
    Clock Pessimism Removal (CPR):    0.000ns
  Clock Uncertainty:      0.025ns  ((TSJ^2 + TIJ^2)^1/2 + DJ) / 2 + PE
    Total System Jitter     (TSJ):    0.050ns
    Total Input Jitter      (TIJ):    0.000ns
    Discrete Jitter          (DJ):    0.000ns
    Phase Error              (PE):    0.000ns

    Location             Delay type                Incr(ns)  Path(ns)    Netlist Resource(s)
  -------------------------------------------------------------------    -------------------
    T17                                               0.000     0.000 r  rst (IN)
                         net (fo=0)                   0.000     0.000    rst
    T17                  IBUF (Prop_ibuf_I_O)         0.936     0.936 r  rst_IBUF_inst/O
                         net (fo=22, routed)          1.762     2.698    controller/SR[0]
    SLICE_X1Y22          LUT2 (Prop_lut2_I1_O)        0.124     2.822 r  controller/multiplicand[15]_i_1/O
                         net (fo=8, routed)           0.882     3.704    datapath/SR[1]
    SLICE_X1Y26          FDRE                                         r  datapath/multiplicand_reg[15]/R
  -------------------------------------------------------------------    -------------------

                         (clock sys_clk rise edge)    0.000     0.000 r  
    M18                                               0.000     0.000 r  clk (IN)
                         net (fo=0)                   0.000     0.000    clk
    M18                  IBUF (Prop_ibuf_I_O)         0.805     0.805 r  clk_IBUF_inst/O
                         net (fo=1, routed)           1.868     2.673    clk_IBUF
    BUFGCTRL_X0Y0        BUFG (Prop_bufg_I_O)         0.091     2.764 r  clk_IBUF_BUFG_inst/O
                         net (fo=48, routed)          1.504     4.268    datapath/CLK
    SLICE_X1Y26          FDRE                                         r  datapath/multiplicand_reg[15]/C

Slack:                    inf
  Source:                 rst
                            (input port)
  Destination:            datapath/multiplicand_reg[8]/R
                            (rising edge-triggered cell FDRE clocked by sys_clk  {rise@0.000ns fall@5.000ns period=10.000ns})
  Path Group:             (none)
  Path Type:              Setup (Max at Slow Process Corner)
  Data Path Delay:        3.704ns  (logic 1.060ns (28.618%)  route 2.644ns (71.382%))
  Logic Levels:           2  (IBUF=1 LUT2=1)
  Clock Path Skew:        4.268ns (DCD - SCD + CPR)
    Destination Clock Delay (DCD):    4.268ns
    Source Clock Delay      (SCD):    0.000ns
    Clock Pessimism Removal (CPR):    0.000ns
  Clock Uncertainty:      0.025ns  ((TSJ^2 + TIJ^2)^1/2 + DJ) / 2 + PE
    Total System Jitter     (TSJ):    0.050ns
    Total Input Jitter      (TIJ):    0.000ns
    Discrete Jitter          (DJ):    0.000ns
    Phase Error              (PE):    0.000ns

    Location             Delay type                Incr(ns)  Path(ns)    Netlist Resource(s)
  -------------------------------------------------------------------    -------------------
    T17                                               0.000     0.000 r  rst (IN)
                         net (fo=0)                   0.000     0.000    rst
    T17                  IBUF (Prop_ibuf_I_O)         0.936     0.936 r  rst_IBUF_inst/O
                         net (fo=22, routed)          1.762     2.698    controller/SR[0]
    SLICE_X1Y22          LUT2 (Prop_lut2_I1_O)        0.124     2.822 r  controller/multiplicand[15]_i_1/O
                         net (fo=8, routed)           0.882     3.704    datapath/SR[1]
    SLICE_X1Y26          FDRE                                         r  datapath/multiplicand_reg[8]/R
  -------------------------------------------------------------------    -------------------

                         (clock sys_clk rise edge)    0.000     0.000 r  
    M18                                               0.000     0.000 r  clk (IN)
                         net (fo=0)                   0.000     0.000    clk
    M18                  IBUF (Prop_ibuf_I_O)         0.805     0.805 r  clk_IBUF_inst/O
                         net (fo=1, routed)           1.868     2.673    clk_IBUF
    BUFGCTRL_X0Y0        BUFG (Prop_bufg_I_O)         0.091     2.764 r  clk_IBUF_BUFG_inst/O
                         net (fo=48, routed)          1.504     4.268    datapath/CLK
    SLICE_X1Y26          FDRE                                         r  datapath/multiplicand_reg[8]/C

Slack:                    inf
  Source:                 rst
                            (input port)
  Destination:            datapath/multiplicand_reg[9]/R
                            (rising edge-triggered cell FDRE clocked by sys_clk  {rise@0.000ns fall@5.000ns period=10.000ns})
  Path Group:             (none)
  Path Type:              Setup (Max at Slow Process Corner)
  Data Path Delay:        3.704ns  (logic 1.060ns (28.618%)  route 2.644ns (71.382%))
  Logic Levels:           2  (IBUF=1 LUT2=1)
  Clock Path Skew:        4.268ns (DCD - SCD + CPR)
    Destination Clock Delay (DCD):    4.268ns
    Source Clock Delay      (SCD):    0.000ns
    Clock Pessimism Removal (CPR):    0.000ns
  Clock Uncertainty:      0.025ns  ((TSJ^2 + TIJ^2)^1/2 + DJ) / 2 + PE
    Total System Jitter     (TSJ):    0.050ns
    Total Input Jitter      (TIJ):    0.000ns
    Discrete Jitter          (DJ):    0.000ns
    Phase Error              (PE):    0.000ns

    Location             Delay type                Incr(ns)  Path(ns)    Netlist Resource(s)
  -------------------------------------------------------------------    -------------------
    T17                                               0.000     0.000 r  rst (IN)
                         net (fo=0)                   0.000     0.000    rst
    T17                  IBUF (Prop_ibuf_I_O)         0.936     0.936 r  rst_IBUF_inst/O
                         net (fo=22, routed)          1.762     2.698    controller/SR[0]
    SLICE_X1Y22          LUT2 (Prop_lut2_I1_O)        0.124     2.822 r  controller/multiplicand[15]_i_1/O
                         net (fo=8, routed)           0.882     3.704    datapath/SR[1]
    SLICE_X1Y26          FDRE                                         r  datapath/multiplicand_reg[9]/R
  -------------------------------------------------------------------    -------------------

                         (clock sys_clk rise edge)    0.000     0.000 r  
    M18                                               0.000     0.000 r  clk (IN)
                         net (fo=0)                   0.000     0.000    clk
    M18                  IBUF (Prop_ibuf_I_O)         0.805     0.805 r  clk_IBUF_inst/O
                         net (fo=1, routed)           1.868     2.673    clk_IBUF
    BUFGCTRL_X0Y0        BUFG (Prop_bufg_I_O)         0.091     2.764 r  clk_IBUF_BUFG_inst/O
                         net (fo=48, routed)          1.504     4.268    datapath/CLK
    SLICE_X1Y26          FDRE                                         r  datapath/multiplicand_reg[9]/C

Slack:                    inf
  Source:                 rst
                            (input port)
  Destination:            datapath/accumulator_reg[12]/R
                            (rising edge-triggered cell FDRE clocked by sys_clk  {rise@0.000ns fall@5.000ns period=10.000ns})
  Path Group:             (none)
  Path Type:              Setup (Max at Slow Process Corner)
  Data Path Delay:        3.501ns  (logic 1.088ns (31.084%)  route 2.413ns (68.916%))
  Logic Levels:           2  (IBUF=1 LUT2=1)
  Clock Path Skew:        4.269ns (DCD - SCD + CPR)
    Destination Clock Delay (DCD):    4.269ns
    Source Clock Delay      (SCD):    0.000ns
    Clock Pessimism Removal (CPR):    0.000ns
  Clock Uncertainty:      0.025ns  ((TSJ^2 + TIJ^2)^1/2 + DJ) / 2 + PE
    Total System Jitter     (TSJ):    0.050ns
    Total Input Jitter      (TIJ):    0.000ns
    Discrete Jitter          (DJ):    0.000ns
    Phase Error              (PE):    0.000ns

    Location             Delay type                Incr(ns)  Path(ns)    Netlist Resource(s)
  -------------------------------------------------------------------    -------------------
    T17                                               0.000     0.000 r  rst (IN)
                         net (fo=0)                   0.000     0.000    rst
    T17                  IBUF (Prop_ibuf_I_O)         0.936     0.936 r  rst_IBUF_inst/O
                         net (fo=22, routed)          1.431     2.367    controller/SR[0]
    SLICE_X1Y23          LUT2 (Prop_lut2_I0_O)        0.152     2.519 r  controller/count[3]_i_1/O
                         net (fo=20, routed)          0.981     3.501    datapath/count[0]
    SLICE_X0Y27          FDRE                                         r  datapath/accumulator_reg[12]/R
  -------------------------------------------------------------------    -------------------

                         (clock sys_clk rise edge)    0.000     0.000 r  
    M18                                               0.000     0.000 r  clk (IN)
                         net (fo=0)                   0.000     0.000    clk
    M18                  IBUF (Prop_ibuf_I_O)         0.805     0.805 r  clk_IBUF_inst/O
                         net (fo=1, routed)           1.868     2.673    clk_IBUF
    BUFGCTRL_X0Y0        BUFG (Prop_bufg_I_O)         0.091     2.764 r  clk_IBUF_BUFG_inst/O
                         net (fo=48, routed)          1.505     4.269    datapath/CLK
    SLICE_X0Y27          FDRE                                         r  datapath/accumulator_reg[12]/C

Slack:                    inf
  Source:                 rst
                            (input port)
  Destination:            datapath/accumulator_reg[13]/R
                            (rising edge-triggered cell FDRE clocked by sys_clk  {rise@0.000ns fall@5.000ns period=10.000ns})
  Path Group:             (none)
  Path Type:              Setup (Max at Slow Process Corner)
  Data Path Delay:        3.501ns  (logic 1.088ns (31.084%)  route 2.413ns (68.916%))
  Logic Levels:           2  (IBUF=1 LUT2=1)
  Clock Path Skew:        4.269ns (DCD - SCD + CPR)
    Destination Clock Delay (DCD):    4.269ns
    Source Clock Delay      (SCD):    0.000ns
    Clock Pessimism Removal (CPR):    0.000ns
  Clock Uncertainty:      0.025ns  ((TSJ^2 + TIJ^2)^1/2 + DJ) / 2 + PE
    Total System Jitter     (TSJ):    0.050ns
    Total Input Jitter      (TIJ):    0.000ns
    Discrete Jitter          (DJ):    0.000ns
    Phase Error              (PE):    0.000ns

    Location             Delay type                Incr(ns)  Path(ns)    Netlist Resource(s)
  -------------------------------------------------------------------    -------------------
    T17                                               0.000     0.000 r  rst (IN)
                         net (fo=0)                   0.000     0.000    rst
    T17                  IBUF (Prop_ibuf_I_O)         0.936     0.936 r  rst_IBUF_inst/O
                         net (fo=22, routed)          1.431     2.367    controller/SR[0]
    SLICE_X1Y23          LUT2 (Prop_lut2_I0_O)        0.152     2.519 r  controller/count[3]_i_1/O
                         net (fo=20, routed)          0.981     3.501    datapath/count[0]
    SLICE_X0Y27          FDRE                                         r  datapath/accumulator_reg[13]/R
  -------------------------------------------------------------------    -------------------

                         (clock sys_clk rise edge)    0.000     0.000 r  
    M18                                               0.000     0.000 r  clk (IN)
                         net (fo=0)                   0.000     0.000    clk
    M18                  IBUF (Prop_ibuf_I_O)         0.805     0.805 r  clk_IBUF_inst/O
                         net (fo=1, routed)           1.868     2.673    clk_IBUF
    BUFGCTRL_X0Y0        BUFG (Prop_bufg_I_O)         0.091     2.764 r  clk_IBUF_BUFG_inst/O
                         net (fo=48, routed)          1.505     4.269    datapath/CLK
    SLICE_X0Y27          FDRE                                         r  datapath/accumulator_reg[13]/C





Min Delay Paths
--------------------------------------------------------------------------------------
Slack:                    inf
  Source:                 b[5]
                            (input port)
  Destination:            datapath/multiplier_reg[5]/D
                            (rising edge-triggered cell FDRE clocked by sys_clk  {rise@0.000ns fall@5.000ns period=10.000ns})
  Path Group:             (none)
  Path Type:              Hold (Min at Fast Process Corner)
  Data Path Delay:        0.690ns  (logic 0.205ns (29.645%)  route 0.485ns (70.355%))
  Logic Levels:           2  (IBUF=1 LUT3=1)
  Clock Path Skew:        1.926ns (DCD - SCD - CPR)
    Destination Clock Delay (DCD):    1.926ns
    Source Clock Delay      (SCD):    0.000ns
    Clock Pessimism Removal (CPR):    -0.000ns

    Location             Delay type                Incr(ns)  Path(ns)    Netlist Resource(s)
  -------------------------------------------------------------------    -------------------
    U18                                               0.000     0.000 r  b[5] (IN)
                         net (fo=0)                   0.000     0.000    b[5]
    U18                  IBUF (Prop_ibuf_I_O)         0.156     0.156 r  b_IBUF[5]_inst/O
                         net (fo=1, routed)           0.485     0.641    controller/b_IBUF[5]
    SLICE_X0Y22          LUT3 (Prop_lut3_I0_O)        0.049     0.690 r  controller/multiplier[5]_i_1/O
                         net (fo=1, routed)           0.000     0.690    datapath/D[5]
    SLICE_X0Y22          FDRE                                         r  datapath/multiplier_reg[5]/D
  -------------------------------------------------------------------    -------------------

                         (clock sys_clk rise edge)    0.000     0.000 r  
    M18                                               0.000     0.000 r  clk (IN)
                         net (fo=0)                   0.000     0.000    clk
    M18                  IBUF (Prop_ibuf_I_O)         0.356     0.356 r  clk_IBUF_inst/O
                         net (fo=1, routed)           0.689     1.044    clk_IBUF
    BUFGCTRL_X0Y0        BUFG (Prop_bufg_I_O)         0.029     1.073 r  clk_IBUF_BUFG_inst/O
                         net (fo=48, routed)          0.853     1.926    datapath/CLK
    SLICE_X0Y22          FDRE                                         r  datapath/multiplier_reg[5]/C

Slack:                    inf
  Source:                 rst
                            (input port)
  Destination:            datapath/multiplicand_reg[6]/R
                            (rising edge-triggered cell FDRE clocked by sys_clk  {rise@0.000ns fall@5.000ns period=10.000ns})
  Path Group:             (none)
  Path Type:              Hold (Min at Fast Process Corner)
  Data Path Delay:        0.695ns  (logic 0.165ns (23.785%)  route 0.530ns (76.215%))
  Logic Levels:           1  (IBUF=1)
  Clock Path Skew:        1.923ns (DCD - SCD - CPR)
    Destination Clock Delay (DCD):    1.923ns
    Source Clock Delay      (SCD):    0.000ns
    Clock Pessimism Removal (CPR):    -0.000ns

    Location             Delay type                Incr(ns)  Path(ns)    Netlist Resource(s)
  -------------------------------------------------------------------    -------------------
    T17                                               0.000     0.000 r  rst (IN)
                         net (fo=0)                   0.000     0.000    rst
    T17                  IBUF (Prop_ibuf_I_O)         0.165     0.165 r  rst_IBUF_inst/O
                         net (fo=22, routed)          0.530     0.695    datapath/SR[0]
    SLICE_X1Y24          FDRE                                         r  datapath/multiplicand_reg[6]/R
  -------------------------------------------------------------------    -------------------

                         (clock sys_clk rise edge)    0.000     0.000 r  
    M18                                               0.000     0.000 r  clk (IN)
                         net (fo=0)                   0.000     0.000    clk
    M18                  IBUF (Prop_ibuf_I_O)         0.356     0.356 r  clk_IBUF_inst/O
                         net (fo=1, routed)           0.689     1.044    clk_IBUF
    BUFGCTRL_X0Y0        BUFG (Prop_bufg_I_O)         0.029     1.073 r  clk_IBUF_BUFG_inst/O
                         net (fo=48, routed)          0.850     1.923    datapath/CLK
    SLICE_X1Y24          FDRE                                         r  datapath/multiplicand_reg[6]/C

Slack:                    inf
  Source:                 rst
                            (input port)
  Destination:            datapath/multiplicand_reg[7]/R
                            (rising edge-triggered cell FDRE clocked by sys_clk  {rise@0.000ns fall@5.000ns period=10.000ns})
  Path Group:             (none)
  Path Type:              Hold (Min at Fast Process Corner)
  Data Path Delay:        0.695ns  (logic 0.165ns (23.785%)  route 0.530ns (76.215%))
  Logic Levels:           1  (IBUF=1)
  Clock Path Skew:        1.923ns (DCD - SCD - CPR)
    Destination Clock Delay (DCD):    1.923ns
    Source Clock Delay      (SCD):    0.000ns
    Clock Pessimism Removal (CPR):    -0.000ns

    Location             Delay type                Incr(ns)  Path(ns)    Netlist Resource(s)
  -------------------------------------------------------------------    -------------------
    T17                                               0.000     0.000 r  rst (IN)
                         net (fo=0)                   0.000     0.000    rst
    T17                  IBUF (Prop_ibuf_I_O)         0.165     0.165 r  rst_IBUF_inst/O
                         net (fo=22, routed)          0.530     0.695    datapath/SR[0]
    SLICE_X1Y24          FDRE                                         r  datapath/multiplicand_reg[7]/R
  -------------------------------------------------------------------    -------------------

                         (clock sys_clk rise edge)    0.000     0.000 r  
    M18                                               0.000     0.000 r  clk (IN)
                         net (fo=0)                   0.000     0.000    clk
    M18                  IBUF (Prop_ibuf_I_O)         0.356     0.356 r  clk_IBUF_inst/O
                         net (fo=1, routed)           0.689     1.044    clk_IBUF
    BUFGCTRL_X0Y0        BUFG (Prop_bufg_I_O)         0.029     1.073 r  clk_IBUF_BUFG_inst/O
                         net (fo=48, routed)          0.850     1.923    datapath/CLK
    SLICE_X1Y24          FDRE                                         r  datapath/multiplicand_reg[7]/C

Slack:                    inf
  Source:                 rst
                            (input port)
  Destination:            datapath/multiplier_reg[0]/R
                            (rising edge-triggered cell FDRE clocked by sys_clk  {rise@0.000ns fall@5.000ns period=10.000ns})
  Path Group:             (none)
  Path Type:              Hold (Min at Fast Process Corner)
  Data Path Delay:        0.695ns  (logic 0.165ns (23.785%)  route 0.530ns (76.215%))
  Logic Levels:           1  (IBUF=1)
  Clock Path Skew:        1.923ns (DCD - SCD - CPR)
    Destination Clock Delay (DCD):    1.923ns
    Source Clock Delay      (SCD):    0.000ns
    Clock Pessimism Removal (CPR):    -0.000ns

    Location             Delay type                Incr(ns)  Path(ns)    Netlist Resource(s)
  -------------------------------------------------------------------    -------------------
    T17                                               0.000     0.000 r  rst (IN)
                         net (fo=0)                   0.000     0.000    rst
    T17                  IBUF (Prop_ibuf_I_O)         0.165     0.165 r  rst_IBUF_inst/O
                         net (fo=22, routed)          0.530     0.695    datapath/SR[0]
    SLICE_X1Y24          FDRE                                         r  datapath/multiplier_reg[0]/R
  -------------------------------------------------------------------    -------------------

                         (clock sys_clk rise edge)    0.000     0.000 r  
    M18                                               0.000     0.000 r  clk (IN)
                         net (fo=0)                   0.000     0.000    clk
    M18                  IBUF (Prop_ibuf_I_O)         0.356     0.356 r  clk_IBUF_inst/O
                         net (fo=1, routed)           0.689     1.044    clk_IBUF
    BUFGCTRL_X0Y0        BUFG (Prop_bufg_I_O)         0.029     1.073 r  clk_IBUF_BUFG_inst/O
                         net (fo=48, routed)          0.850     1.923    datapath/CLK
    SLICE_X1Y24          FDRE                                         r  datapath/multiplier_reg[0]/C

Slack:                    inf
  Source:                 b[7]
                            (input port)
  Destination:            datapath/multiplier_reg[7]/D
                            (rising edge-triggered cell FDRE clocked by sys_clk  {rise@0.000ns fall@5.000ns period=10.000ns})
  Path Group:             (none)
  Path Type:              Hold (Min at Fast Process Corner)
  Data Path Delay:        0.748ns  (logic 0.219ns (29.272%)  route 0.529ns (70.728%))
  Logic Levels:           2  (IBUF=1 LUT2=1)
  Clock Path Skew:        1.926ns (DCD - SCD - CPR)
    Destination Clock Delay (DCD):    1.926ns
    Source Clock Delay      (SCD):    0.000ns
    Clock Pessimism Removal (CPR):    -0.000ns

    Location             Delay type                Incr(ns)  Path(ns)    Netlist Resource(s)
  -------------------------------------------------------------------    -------------------
    T18                                               0.000     0.000 r  b[7] (IN)
                         net (fo=0)                   0.000     0.000    b[7]
    T18                  IBUF (Prop_ibuf_I_O)         0.168     0.168 r  b_IBUF[7]_inst/O
                         net (fo=1, routed)           0.529     0.697    controller/b_IBUF[7]
    SLICE_X0Y22          LUT2 (Prop_lut2_I1_O)        0.051     0.748 r  controller/multiplier[7]_i_2/O
                         net (fo=1, routed)           0.000     0.748    datapath/D[7]
    SLICE_X0Y22          FDRE                                         r  datapath/multiplier_reg[7]/D
  -------------------------------------------------------------------    -------------------

                         (clock sys_clk rise edge)    0.000     0.000 r  
    M18                                               0.000     0.000 r  clk (IN)
                         net (fo=0)                   0.000     0.000    clk
    M18                  IBUF (Prop_ibuf_I_O)         0.356     0.356 r  clk_IBUF_inst/O
                         net (fo=1, routed)           0.689     1.044    clk_IBUF
    BUFGCTRL_X0Y0        BUFG (Prop_bufg_I_O)         0.029     1.073 r  clk_IBUF_BUFG_inst/O
                         net (fo=48, routed)          0.853     1.926    datapath/CLK
    SLICE_X0Y22          FDRE                                         r  datapath/multiplier_reg[7]/C

Slack:                    inf
  Source:                 rst
                            (input port)
  Destination:            datapath/multiplicand_reg[2]/R
                            (rising edge-triggered cell FDRE clocked by sys_clk  {rise@0.000ns fall@5.000ns period=10.000ns})
  Path Group:             (none)
  Path Type:              Hold (Min at Fast Process Corner)
  Data Path Delay:        0.761ns  (logic 0.165ns (21.710%)  route 0.596ns (78.290%))
  Logic Levels:           1  (IBUF=1)
  Clock Path Skew:        1.924ns (DCD - SCD - CPR)
    Destination Clock Delay (DCD):    1.924ns
    Source Clock Delay      (SCD):    0.000ns
    Clock Pessimism Removal (CPR):    -0.000ns

    Location             Delay type                Incr(ns)  Path(ns)    Netlist Resource(s)
  -------------------------------------------------------------------    -------------------
    T17                                               0.000     0.000 r  rst (IN)
                         net (fo=0)                   0.000     0.000    rst
    T17                  IBUF (Prop_ibuf_I_O)         0.165     0.165 r  rst_IBUF_inst/O
                         net (fo=22, routed)          0.596     0.761    datapath/SR[0]
    SLICE_X1Y23          FDRE                                         r  datapath/multiplicand_reg[2]/R
  -------------------------------------------------------------------    -------------------

                         (clock sys_clk rise edge)    0.000     0.000 r  
    M18                                               0.000     0.000 r  clk (IN)
                         net (fo=0)                   0.000     0.000    clk
    M18                  IBUF (Prop_ibuf_I_O)         0.356     0.356 r  clk_IBUF_inst/O
                         net (fo=1, routed)           0.689     1.044    clk_IBUF
    BUFGCTRL_X0Y0        BUFG (Prop_bufg_I_O)         0.029     1.073 r  clk_IBUF_BUFG_inst/O
                         net (fo=48, routed)          0.851     1.924    datapath/CLK
    SLICE_X1Y23          FDRE                                         r  datapath/multiplicand_reg[2]/C

Slack:                    inf
  Source:                 rst
                            (input port)
  Destination:            datapath/multiplicand_reg[3]/R
                            (rising edge-triggered cell FDRE clocked by sys_clk  {rise@0.000ns fall@5.000ns period=10.000ns})
  Path Group:             (none)
  Path Type:              Hold (Min at Fast Process Corner)
  Data Path Delay:        0.761ns  (logic 0.165ns (21.710%)  route 0.596ns (78.290%))
  Logic Levels:           1  (IBUF=1)
  Clock Path Skew:        1.924ns (DCD - SCD - CPR)
    Destination Clock Delay (DCD):    1.924ns
    Source Clock Delay      (SCD):    0.000ns
    Clock Pessimism Removal (CPR):    -0.000ns

    Location             Delay type                Incr(ns)  Path(ns)    Netlist Resource(s)
  -------------------------------------------------------------------    -------------------
    T17                                               0.000     0.000 r  rst (IN)
                         net (fo=0)                   0.000     0.000    rst
    T17                  IBUF (Prop_ibuf_I_O)         0.165     0.165 r  rst_IBUF_inst/O
                         net (fo=22, routed)          0.596     0.761    datapath/SR[0]
    SLICE_X1Y23          FDRE                                         r  datapath/multiplicand_reg[3]/R
  -------------------------------------------------------------------    -------------------

                         (clock sys_clk rise edge)    0.000     0.000 r  
    M18                                               0.000     0.000 r  clk (IN)
                         net (fo=0)                   0.000     0.000    clk
    M18                  IBUF (Prop_ibuf_I_O)         0.356     0.356 r  clk_IBUF_inst/O
                         net (fo=1, routed)           0.689     1.044    clk_IBUF
    BUFGCTRL_X0Y0        BUFG (Prop_bufg_I_O)         0.029     1.073 r  clk_IBUF_BUFG_inst/O
                         net (fo=48, routed)          0.851     1.924    datapath/CLK
    SLICE_X1Y23          FDRE                                         r  datapath/multiplicand_reg[3]/C

Slack:                    inf
  Source:                 rst
                            (input port)
  Destination:            datapath/multiplicand_reg[4]/R
                            (rising edge-triggered cell FDRE clocked by sys_clk  {rise@0.000ns fall@5.000ns period=10.000ns})
  Path Group:             (none)
  Path Type:              Hold (Min at Fast Process Corner)
  Data Path Delay:        0.766ns  (logic 0.165ns (21.587%)  route 0.600ns (78.413%))
  Logic Levels:           1  (IBUF=1)
  Clock Path Skew:        1.924ns (DCD - SCD - CPR)
    Destination Clock Delay (DCD):    1.924ns
    Source Clock Delay      (SCD):    0.000ns
    Clock Pessimism Removal (CPR):    -0.000ns

    Location             Delay type                Incr(ns)  Path(ns)    Netlist Resource(s)
  -------------------------------------------------------------------    -------------------
    T17                                               0.000     0.000 r  rst (IN)
                         net (fo=0)                   0.000     0.000    rst
    T17                  IBUF (Prop_ibuf_I_O)         0.165     0.165 r  rst_IBUF_inst/O
                         net (fo=22, routed)          0.600     0.766    datapath/SR[0]
    SLICE_X0Y23          FDRE                                         r  datapath/multiplicand_reg[4]/R
  -------------------------------------------------------------------    -------------------

                         (clock sys_clk rise edge)    0.000     0.000 r  
    M18                                               0.000     0.000 r  clk (IN)
                         net (fo=0)                   0.000     0.000    clk
    M18                  IBUF (Prop_ibuf_I_O)         0.356     0.356 r  clk_IBUF_inst/O
                         net (fo=1, routed)           0.689     1.044    clk_IBUF
    BUFGCTRL_X0Y0        BUFG (Prop_bufg_I_O)         0.029     1.073 r  clk_IBUF_BUFG_inst/O
                         net (fo=48, routed)          0.851     1.924    datapath/CLK
    SLICE_X0Y23          FDRE                                         r  datapath/multiplicand_reg[4]/C

Slack:                    inf
  Source:                 rst
                            (input port)
  Destination:            datapath/multiplicand_reg[5]/R
                            (rising edge-triggered cell FDRE clocked by sys_clk  {rise@0.000ns fall@5.000ns period=10.000ns})
  Path Group:             (none)
  Path Type:              Hold (Min at Fast Process Corner)
  Data Path Delay:        0.766ns  (logic 0.165ns (21.587%)  route 0.600ns (78.413%))
  Logic Levels:           1  (IBUF=1)
  Clock Path Skew:        1.924ns (DCD - SCD - CPR)
    Destination Clock Delay (DCD):    1.924ns
    Source Clock Delay      (SCD):    0.000ns
    Clock Pessimism Removal (CPR):    -0.000ns

    Location             Delay type                Incr(ns)  Path(ns)    Netlist Resource(s)
  -------------------------------------------------------------------    -------------------
    T17                                               0.000     0.000 r  rst (IN)
                         net (fo=0)                   0.000     0.000    rst
    T17                  IBUF (Prop_ibuf_I_O)         0.165     0.165 r  rst_IBUF_inst/O
                         net (fo=22, routed)          0.600     0.766    datapath/SR[0]
    SLICE_X0Y23          FDRE                                         r  datapath/multiplicand_reg[5]/R
  -------------------------------------------------------------------    -------------------

                         (clock sys_clk rise edge)    0.000     0.000 r  
    M18                                               0.000     0.000 r  clk (IN)
                         net (fo=0)                   0.000     0.000    clk
    M18                  IBUF (Prop_ibuf_I_O)         0.356     0.356 r  clk_IBUF_inst/O
                         net (fo=1, routed)           0.689     1.044    clk_IBUF
    BUFGCTRL_X0Y0        BUFG (Prop_bufg_I_O)         0.029     1.073 r  clk_IBUF_BUFG_inst/O
                         net (fo=48, routed)          0.851     1.924    datapath/CLK
    SLICE_X0Y23          FDRE                                         r  datapath/multiplicand_reg[5]/C

Slack:                    inf
  Source:                 a[7]
                            (input port)
  Destination:            datapath/multiplicand_reg[7]/D
                            (rising edge-triggered cell FDRE clocked by sys_clk  {rise@0.000ns fall@5.000ns period=10.000ns})
  Path Group:             (none)
  Path Type:              Hold (Min at Fast Process Corner)
  Data Path Delay:        0.777ns  (logic 0.213ns (27.407%)  route 0.564ns (72.593%))
  Logic Levels:           2  (IBUF=1 LUT3=1)
  Clock Path Skew:        1.923ns (DCD - SCD - CPR)
    Destination Clock Delay (DCD):    1.923ns
    Source Clock Delay      (SCD):    0.000ns
    Clock Pessimism Removal (CPR):    -0.000ns

    Location             Delay type                Incr(ns)  Path(ns)    Netlist Resource(s)
  -------------------------------------------------------------------    -------------------
    W15                                               0.000     0.000 r  a[7] (IN)
                         net (fo=0)                   0.000     0.000    a[7]
    W15                  IBUF (Prop_ibuf_I_O)         0.165     0.165 r  a_IBUF[7]_inst/O
                         net (fo=1, routed)           0.564     0.729    controller/a_IBUF[7]
    SLICE_X1Y24          LUT3 (Prop_lut3_I0_O)        0.048     0.777 r  controller/multiplicand[7]_i_1/O
                         net (fo=1, routed)           0.000     0.777    datapath/multiplicand_reg[7]_0[7]
    SLICE_X1Y24          FDRE                                         r  datapath/multiplicand_reg[7]/D
  -------------------------------------------------------------------    -------------------

                         (clock sys_clk rise edge)    0.000     0.000 r  
    M18                                               0.000     0.000 r  clk (IN)
                         net (fo=0)                   0.000     0.000    clk
    M18                  IBUF (Prop_ibuf_I_O)         0.356     0.356 r  clk_IBUF_inst/O
                         net (fo=1, routed)           0.689     1.044    clk_IBUF
    BUFGCTRL_X0Y0        BUFG (Prop_bufg_I_O)         0.029     1.073 r  clk_IBUF_BUFG_inst/O
                         net (fo=48, routed)          0.850     1.923    datapath/CLK
    SLICE_X1Y24          FDRE                                         r  datapath/multiplicand_reg[7]/C





